Disaster Type,Disaster Subtype,Latitude,Longitude,Start Year,Start Month,Start Day,End Year,End Month,End Day,Magnitude,Magnitude Scale,"Total Damage, Adjusted ('000 US$)",Total Damage ('000 US$),Total Affected,No. Affected,Total Deaths
Flood,Flash flood,4.022,9.2,2001,6.0,28.0,2001,6.0,29.0,1080.0,Km2,0.0,0.0,1500.0,0.0,30.0
Flood,Flash flood,-22.56,-43.36,2006,1.0,27.0,2006,1.0,30.0,9335.0,Km2,0.0,0.0,0.0,0.0,12.0
Flood,Riverine flood,-16.03,-63.43,2006,1.0,25.0,2006,4.0,17.0,955800.0,Km2,54462.0,35000.0,126096.0,126075.0,25.0
Flood,Flash flood,17.02,121.82,2006,1.0,26.0,2006,2.0,5.0,63470.0,Km2,14938.0,9600.0,256641.0,256641.0,4.0
Flood,Riverine flood,6.89,-58.66,2006,1.0,8.0,2006,2.0,14.0,24224.0,Km2,262974.0,169000.0,35000.0,35000.0,0.0
Flood,Riverine flood,34.21,45.49,2006,2.0,4.0,2006,2.0,12.0,77640.0,Km2,2023.0,1300.0,41890.0,41890.0,0.0
Flood,Flood (General),64.15,11.93,2006,1.0,30.0,2006,2.0,4.0,41520.0,Km2,0.0,0.0,200.0,200.0,1.0
Flood,Riverine flood,-16.45,179.65,2006,2.0,4.0,2006,2.0,9.0,2370.0,Km2,778.0,500.0,224.0,224.0,4.0
Flood,Riverine flood,-6.85,108.59,2006,1.0,26.0,2006,2.0,14.0,73070.0,Km2,42169.0,27100.0,10000.0,10000.0,19.0
Flood,Riverine flood,-9.07,147.28,2006,2.0,3.0,2006,2.0,19.0,34450.0,Km2,0.0,0.0,12000.0,0.0,1.0
Flood,Riverine flood,27.67,-5.91,2006,2.0,10.0,2006,2.0,15.0,180500.0,Km2,1867.0,1200.0,60000.0,60000.0,1.0
Flood,Riverine flood,-2.23,-79.98,2006,2.0,16.0,2006,5.0,6.0,30150.0,Km2,4357.0,2800.0,57670.0,57670.0,16.0
Flood,Flash flood,14.54,44.18,2006,2.0,20.0,2006,2.0,23.0,10710.0,Km2,0.0,0.0,2000.0,0.0,5.0
Flood,Flash flood,1.07,124.66,2006,2.0,13.0,2006,2.0,23.0,33830.0,Km2,38902.0,25000.0,17539.0,17500.0,39.0
Flood,Riverine flood,-24.53,17.98,2006,2.0,24.0,2006,2.0,28.0,16110.0,Km2,13211.0,8490.0,2100.0,2100.0,5.0
Flood,Riverine flood,42.6,20.83,2006,2.0,21.0,2006,3.0,2.0,10090.0,Km2,0.0,0.0,1200.0,1200.0,0.0
Flood,Riverine flood,-14.59,35.12,2006,3.0,7.0,2006,3.0,14.0,64890.0,Km2,0.0,0.0,8000.0,0.0,3.0
Flood,Flash flood,7.17,125.57,2006,3.0,4.0,2006,3.0,6.0,630.0,Km2,0.0,0.0,1000.0,1000.0,1.0
Storm,Tropical cyclone,-17.91,145.54,2006,3.0,20.0,2006,4.0,2.0,290.0,Kph,1836152.0,1180000.0,7030.0,0.0,0.0
Storm,Tropical cyclone,-25.68,115.13,2006,3.0,30.0,2006,4.0,5.0,235.0,Kph,0.0,0.0,500.0,500.0,0.0
Flood,Riverine flood,49.86,16.09,2006,3.0,28.0,2006,4.0,17.0,556.0,Km2,0.0,0.0,4200.0,4200.0,6.0
Flood,Riverine flood,45.26,20.75,2006,4.0,10.0,2006,5.0,7.0,35510.0,Km2,0.0,0.0,35000.0,35000.0,0.0
Flood,Riverine flood,15.1,43.88,2006,4.0,3.0,2006,4.0,5.0,91480.0,Km2,0.0,0.0,320.0,0.0,25.0
Flood,Riverine flood,-4.36,16.17,2006,4.0,8.0,2006,4.0,27.0,45540.0,Km2,0.0,0.0,5500.0,5500.0,1.0
Flood,Riverine flood,2.25,37.53,2006,4.0,4.0,2006,5.0,22.0,538000.0,Km2,0.0,0.0,17300.0,17300.0,60.0
Flood,Riverine flood,-14.18,132.39,2006,4.0,5.0,2006,4.0,10.0,39370.0,Km2,0.0,0.0,1100.0,1100.0,0.0
Flood,Riverine flood,37.69,-99.99,2006,4.0,4.0,2006,4.0,17.0,44110.0,Km2,403020.0,259000.0,600.0,600.0,1.0
Flood,Riverine flood,-27.44,24.83,2006,3.0,26.0,2006,3.0,30.0,2500.0,Km2,110480.0,71000.0,4160.0,4160.0,6.0
Flood,Riverine flood,22.15,-99.99,2006,3.0,14.0,2006,3.0,23.0,585.0,Km2,18673.0,12000.0,0.0,0.0,7.0
Flood,Riverine flood,-7.84,111.86,2006,4.0,19.0,2006,4.0,23.0,19040.0,Km2,0.0,0.0,402.0,400.0,22.0
Flood,Riverine flood,2.81,-52.29,2006,3.0,25.0,2006,4.0,23.0,1164000.0,Km2,0.0,0.0,116000.0,116000.0,8.0
Flood,Riverine flood,49.72,-56.05,2006,4.0,18.0,2006,4.0,24.0,730.0,Km2,0.0,0.0,200.0,200.0,0.0
Flood,Riverine flood,10.99,41.63,2006,4.0,9.0,2006,4.0,25.0,83390.0,Km2,0.0,0.0,10000.0,10000.0,0.0
Flood,Riverine flood,-4.26,143.22,2006,4.0,12.0,2006,4.0,18.0,41560.0,Km2,0.0,0.0,400.0,400.0,0.0
Flood,Riverine flood,53.54,-99.99,2006,4.0,12.0,2006,4.0,20.0,63270.0,Km2,0.0,0.0,1000.0,1000.0,0.0
Flood,Flash flood,17.43,82.81,2006,4.0,15.0,2006,4.0,18.0,190900.0,Km2,0.0,0.0,0.0,0.0,20.0
Flood,Riverine flood,42.27,42.83,2006,4.0,15.0,2006,4.0,24.0,29220.0,Km2,0.0,0.0,600.0,600.0,0.0
Flood,Riverine flood,44.5,23.87,2006,4.0,7.0,2006,5.0,14.0,1165.0,Km2,0.0,0.0,15011.0,15011.0,0.0
Flood,Flash flood,35.67,66.83,2006,4.0,28.0,2006,5.0,1.0,58310.0,Km2,0.0,0.0,5025.0,5000.0,19.0
Flood,Flash flood,-45.69,170.37,2006,4.0,26.0,2006,4.0,28.0,4630.0,Km2,4668.0,3000.0,1200.0,1200.0,0.0
Flood,Riverine flood,52.53,-82.09,2006,4.0,22.0,2006,5.0,31.0,7030.0,Km2,0.0,0.0,2000.0,2000.0,0.0
Flood,Riverine flood,50.78,87.14,2006,4.0,21.0,2006,5.0,11.0,144900.0,Km2,11532.0,7411.0,420.0,420.0,0.0
Flood,Riverine flood,5.27,102.15,2006,4.0,20.0,2006,4.0,21.0,2590.0,Km2,0.0,0.0,500.0,500.0,0.0
Storm,Tropical cyclone,18.37,94.95,2006,4.0,29.0,2006,5.0,5.0,240.0,Kph,0.0,0.0,60106.0,60075.0,34.0
Flood,Riverine flood,38.69,47.88,2006,5.0,8.0,2006,5.0,13.0,18310.0,Km2,24897.0,16000.0,2800.0,2800.0,14.0
Flood,Riverine flood,3.42,-56.48,2006,5.0,7.0,2006,5.0,29.0,27500.0,Km2,0.0,0.0,25000.0,25000.0,3.0
Flood,Riverine flood,26.92,106.58,2006,4.0,21.0,2006,5.0,15.0,175200.0,Km2,56018.0,36000.0,36900.0,36900.0,22.0
Flood,Riverine flood,-3.33,37.22,2006,5.0,9.0,2006,5.0,17.0,12430.0,Km2,0.0,0.0,19000.0,0.0,0.0
Flood,Riverine flood,43.16,-70.79,2006,5.0,11.0,2006,5.0,22.0,42910.0,Km2,132265.0,85000.0,2500.0,2500.0,2.0
Flood,Riverine flood,67.93,-99.99,2006,5.0,26.0,2006,6.0,2.0,3210.0,Km2,0.0,0.0,300.0,300.0,0.0
Flood,Riverine flood,26.6,94.02,2006,5.0,31.0,2006,7.0,24.0,47020.0,Km2,0.0,0.0,504000.0,504000.0,21.0
Flood,Riverine flood,10.54,76.05,2006,5.0,25.0,2006,6.0,2.0,42690.0,Km2,0.0,0.0,10800.0,10800.0,32.0
Flood,Riverine flood,26.75,118.57,2006,5.0,30.0,2006,6.0,9.0,76600.0,Km2,611532.0,393000.0,356000.0,356000.0,57.0
Flood,Riverine flood,18.73,75.23,2006,5.0,31.0,2006,6.0,4.0,395400.0,Km2,0.0,0.0,0.0,0.0,41.0
Flood,Riverine flood,30.92,112.9,2006,5.0,24.0,2006,5.0,31.0,107400.0,Km2,0.0,0.0,350035.0,0.0,3.0
Flood,Riverine flood,32.15,-4.05,2006,5.0,26.0,2006,5.0,28.0,33210.0,Km2,0.0,0.0,1100.0,1100.0,6.0
Flood,Riverine flood,-3.86,29.67,2006,5.0,17.0,2006,5.0,28.0,2700.0,Km2,0.0,0.0,5000.0,5000.0,1.0
Flood,Flash flood,18.18,100.15,2006,5.0,22.0,2006,6.0,11.0,78280.0,Km2,38902.0,25000.0,342895.0,342895.0,116.0
Flood,Riverine flood,34.52,65.56,2006,5.0,19.0,2006,5.0,23.0,21480.0,Km2,0.0,0.0,615.0,465.0,21.0
Flood,Riverine flood,26.2,112.75,2006,6.0,13.0,2006,6.0,16.0,58070.0,Km2,0.0,0.0,1410000.0,1410000.0,2.0
Flood,Flash flood,25.51,106.51,2006,6.0,12.0,2006,6.0,16.0,11680.0,Km2,219405.0,141000.0,12000.0,0.0,50.0
Flood,Riverine flood,24.07,120.79,2006,6.0,10.0,2006,6.0,13.0,14310.0,Km2,180705.0,116130.0,300.0,300.0,3.0
Flood,Riverine flood,23.42,111.38,2006,6.0,8.0,2006,6.0,15.0,4210.0,Km2,0.0,0.0,4600024.0,4600000.0,21.0
Flood,Riverine flood,58.33,114.58,2006,6.0,4.0,2006,6.0,12.0,274800.0,Km2,194508.0,125000.0,1300.0,1300.0,0.0
Flood,Flash flood,-5.17,120.11,2006,6.0,19.0,2006,6.0,23.0,3100.0,Km2,85895.0,55200.0,29231.0,28505.0,236.0
Flood,Riverine flood,47.15,47.46,2006,6.0,19.0,2006,6.0,26.0,51.0,Km2,0.0,0.0,6260.0,6260.0,15.0
Flood,Riverine flood,24.73,116.87,2006,6.0,17.0,2006,6.0,19.0,36280.0,Km2,0.0,0.0,5000.0,5000.0,23.0
Flood,Flash flood,-3.29,115.49,2006,6.0,25.0,2006,6.0,29.0,23710.0,Km2,0.0,0.0,18250.0,18250.0,52.0
Flood,Riverine flood,45.09,34.62,2006,7.0,2.0,2006,7.0,3.0,600.0,Km2,37120.0,23855.0,5000.0,5000.0,2.0
Flood,Riverine flood,39.74,41.1,2006,7.0,1.0,2006,7.0,3.0,69640.0,Km2,0.0,0.0,0.0,0.0,12.0
Flood,Riverine flood,47.8,25.95,2006,6.0,30.0,2006,7.0,3.0,1120.0,Km2,0.0,0.0,10800.0,10800.0,12.0
Flood,Riverine flood,34.04,117.03,2006,6.0,28.0,2006,7.0,6.0,22760.0,Km2,1056565.0,679000.0,4120000.0,4120000.0,30.0
Flood,Riverine flood,26.01,108.45,2006,6.0,25.0,2006,6.0,26.0,11360.0,Km2,10114.0,6500.0,270000.0,270000.0,6.0
Flood,Riverine flood,27.06,111.06,2006,6.0,25.0,2006,6.0,26.0,34990.0,Km2,0.0,0.0,2375016.0,2375000.0,29.0
Flood,Riverine flood,40.41,-75.78,2006,6.0,25.0,2006,7.0,1.0,122600.0,Km2,1556061.0,1000000.0,65000.0,65000.0,11.0
Flood,Riverine flood,25.62,83.67,2006,6.0,24.0,2006,6.0,27.0,13110.0,Km2,0.0,0.0,300000.0,300000.0,130.0
Flood,Riverine flood,0.55,123.01,2006,6.0,23.0,2006,6.0,27.0,890.0,Km2,0.0,0.0,5000.0,5000.0,0.0
Flood,Riverine flood,41.41,-86.91,2006,6.0,22.0,2006,6.0,25.0,6780.0,Km2,10892.0,7000.0,2400.0,2400.0,2.0
Flood,Riverine flood,50.79,106.52,2006,7.0,12.0,2006,7.0,14.0,22760.0,Km2,0.0,0.0,6000.0,6000.0,0.0
Flood,Flash flood,37.56,127.17,2006,7.0,12.0,2006,7.0,20.0,9610.0,Km2,0.0,0.0,4630.0,4630.0,46.0
Flood,Flash flood,37.56,127.17,2006,7.0,12.0,2006,7.0,20.0,55620.0,Km2,0.0,0.0,84500.0,0.0,278.0
Storm,Tropical cyclone,24.0,112.11,2006,7.0,11.0,2006,7.0,17.0,120.0,Kph,4668.0,3000.0,51680.0,51680.0,37.0
Flood,Riverine flood,-72.64,-37.26,2006,7.0,11.0,2006,7.0,17.0,5030.0,Km2,0.0,0.0,95862.0,95862.0,18.0
Flood,Riverine flood,47.73,128.9,2006,7.0,11.0,2006,7.0,13.0,1400.0,Km2,0.0,0.0,4000.0,4000.0,0.0
Flood,Riverine flood,22.35,109.4,2006,7.0,7.0,2006,7.0,11.0,20120.0,Km2,48238.0,31000.0,1400000.0,1400000.0,10.0
Flood,Riverine flood,11.43,103.53,2006,7.0,6.0,2006,7.0,7.0,11610.0,Km2,0.0,0.0,5000.0,5000.0,0.0
Flood,Riverine flood,22.41,71.31,2006,7.0,4.0,2006,7.0,7.0,170100.0,Km2,0.0,0.0,8400.0,8400.0,24.0
Flood,Riverine flood,19.17,83.65,2006,7.0,3.0,2006,7.0,8.0,31360.0,Km2,0.0,0.0,0.0,0.0,33.0
Flood,Riverine flood,43.32,83.77,2006,7.0,2.0,2006,7.0,5.0,138200.0,Km2,0.0,0.0,2416.0,2400.0,20.0
Flood,Riverine flood,35.34,136.22,2006,6.0,19.0,2006,7.0,20.0,47890.0,Km2,0.0,0.0,6232.0,6200.0,34.0
Flood,Riverine flood,34.61,73.2,2006,7.0,24.0,2006,8.0,22.0,42570.0,Km2,0.0,0.0,2000.0,2000.0,40.0
Flood,Riverine flood,31.54,130.99,2006,7.0,22.0,2006,7.0,26.0,6130.0,Km2,0.0,0.0,4300.0,4300.0,8.0
Flood,Riverine flood,17.75,-15.0,2006,7.0,22.0,2006,7.0,24.0,60.0,Km2,0.0,0.0,1619.0,0.0,7.0
Flood,Flash flood,24.66,102.18,2006,7.0,20.0,2006,7.0,21.0,1666.0,Km2,0.0,0.0,0.0,0.0,35.0
Flood,Riverine flood,6.94,6.35,2006,7.0,15.0,2006,7.0,17.0,724.0,Km2,0.0,0.0,2000.0,2000.0,0.0
Flood,Riverine flood,39.04,106.59,2006,7.0,14.0,2006,7.0,17.0,1726.0,Km2,0.0,0.0,1200.0,1200.0,1.0
Flood,Riverine flood,31.76,-106.39,2006,7.0,27.0,2006,8.0,7.0,3610.0,Km2,155606.0,100000.0,0.0,0.0,0.0
Flood,Riverine flood,25.03,67.12,2006,8.0,1.0,2006,8.0,22.0,2748.0,Km2,0.0,0.0,5050.0,0.0,74.0
Flood,Riverine flood,34.08,69.75,2006,7.0,30.0,2006,8.0,9.0,3116.0,Km2,0.0,0.0,8000.0,0.0,54.0
Flood,Riverine flood,20.19,73.82,2006,7.0,28.0,2006,9.0,12.0,165400.0,Km2,5275047.0,3390000.0,4000065.0,0.0,350.0
Flood,Riverine flood,41.52,-81.09,2006,7.0,27.0,2006,7.0,30.0,4720.0,Km2,0.0,0.0,600.0,600.0,1.0
Flood,Riverine flood,46.04,7.39,2006,7.0,5.0,2006,7.0,27.0,364.0,Km2,0.0,0.0,3000.0,3000.0,0.0
Flood,Flash flood,9.67,42.19,2006,8.0,5.0,2006,8.0,8.0,4225.0,Km2,4979.0,3200.0,10096.0,10000.0,498.0
Flood,Flash flood,2.665,45.45,2006,8.0,4.0,2006,8.0,9.0,3845.0,Km2,0.0,0.0,2000.0,2000.0,5.0
Flood,Riverine flood,-33.538,26.3,2006,8.0,2.0,2006,8.0,4.0,21840.0,Km2,225629.0,145000.0,3000.0,3000.0,6.0
Flood,Riverine flood,5.24,36.22,2006,8.0,13.0,2006,9.0,11.0,13560.0,Km2,0.0,0.0,8000.0,8000.0,364.0
Flood,Riverine flood,17.76,106.15,2006,8.0,12.0,2006,8.0,30.0,119500.0,Km2,12448.0,8000.0,50020.0,50000.0,42.0
Flood,Riverine flood,11.06,104.68,2006,8.0,10.0,2006,11.0,1.0,55860.0,Km2,0.0,0.0,33000.0,33000.0,5.0
Flood,Riverine flood,62.45,-99.99,2006,8.0,19.0,2006,8.0,24.0,95940.0,Km2,24119.0,15500.0,150.0,150.0,0.0
Flood,Riverine flood,1.38,34.28,2006,8.0,12.0,2006,8.0,21.0,4050.0,Km2,0.0,0.0,1680.0,1680.0,3.0
Storm,Tropical cyclone,34.74,-77.87,2006,8.0,2.0,2006,9.0,7.0,119.0,Kph,51132.0,32860.0,140.0,140.0,6.0
Flood,Flash flood,34.7,102.68,2006,8.0,30.0,2006,8.0,31.0,16920.0,Km2,0.0,0.0,0.0,0.0,15.0
Storm,Tropical cyclone,25.35,-111.81,2006,9.0,2.0,2006,9.0,4.0,215.0,Kph,0.0,0.0,10000.0,10000.0,7.0
Flood,Riverine flood,23.23,89.27,2006,8.0,24.0,2006,9.0,20.0,28080.0,Km2,0.0,0.0,135775.0,135775.0,0.0
Storm,Tropical cyclone,24.47,-107.04,2006,9.0,16.0,2006,9.0,18.0,250.0,Kph,4201.0,2700.0,240700.0,240700.0,4.0
Storm,Tropical cyclone,16.68,107.21,2006,9.0,27.0,2006,10.0,6.0,160.0,Kph,175835.0,113000.0,3842406.0,3842000.0,228.0
Storm,Tropical cyclone,16.68,107.21,2006,9.0,27.0,2006,10.0,6.0,148.0,Kph,970982.0,624000.0,1467925.0,1368720.0,71.0
Flood,Riverine flood,18.76,100.02,2006,8.0,20.0,2006,12.0,13.0,175800.0,Km2,15467.0,9940.0,2212413.0,2212413.0,164.0
Flood,Flash flood,40.76,23.65,2006,10.0,8.0,2006,10.0,12.0,1000.0,Km2,8806.0,5659.0,3000.0,3000.0,1.0
Flood,Riverine flood,19.91,95.45,2006,9.0,15.0,2006,10.0,19.0,188000.0,Km2,0.0,0.0,10000.0,10000.0,25.0
Flood,Riverine flood,37.21,-87.62,2006,9.0,22.0,2006,9.0,26.0,146000.0,Km2,0.0,0.0,1210.0,1200.0,14.0
Flood,Riverine flood,27.59,81.52,2006,8.0,29.0,2006,9.0,4.0,32700.0,Km2,0.0,0.0,100000.0,100000.0,42.0
Flood,Riverine flood,3.1,45.44,2006,8.0,24.0,2006,10.0,10.0,22490.0,Km2,0.0,0.0,30000.0,30000.0,5.0
Flood,Riverine flood,60.88,-145.99,2006,10.0,9.0,2006,10.0,14.0,51560.0,Km2,0.0,0.0,100.0,100.0,0.0
Flood,Riverine flood,23.34,102.64,2006,10.0,6.0,2006,10.0,12.0,24770.0,Km2,0.0,0.0,20004.0,20000.0,27.0
Flood,Flash flood,35.62,63.54,2006,11.0,16.0,2006,11.0,20.0,5000.0,Km2,0.0,0.0,17580.0,17575.0,166.0
Flood,Riverine flood,-4.24,15.43,2006,11.0,4.0,2006,11.0,18.0,1300.0,Km2,0.0,0.0,5000.0,0.0,6.0
Flood,Riverine flood,47.86,-122.15,2006,11.0,5.0,2006,11.0,10.0,57890.0,Km2,0.0,0.0,1500.0,1500.0,2.0
Flood,Flash flood,36.23,44.81,2006,11.0,5.0,2006,11.0,7.0,19960.0,Km2,0.0,0.0,18020.0,18000.0,20.0
Storm,Tropical cyclone,17.02,121.82,2006,10.0,30.0,2006,11.0,1.0,230.0,Kph,14124.0,9077.0,283021.0,282963.0,34.0
Flood,Riverine flood,14.13,79.93,2006,10.0,26.0,2006,11.0,4.0,40090.0,Km2,0.0,0.0,225000.0,225000.0,47.0
Flood,Riverine flood,7.32,80.03,2006,10.0,26.0,2006,11.0,20.0,6890.0,Km2,4668.0,3000.0,333002.0,333000.0,25.0
Flood,Riverine flood,7.61,125.83,2006,10.0,21.0,2006,10.0,27.0,3680.0,Km2,1187.0,763.0,40000.0,40000.0,2.0
Flood,Flash flood,37.64,39.65,2006,10.0,27.0,2006,11.0,7.0,122300.0,Km2,493271.0,317000.0,63015.0,63000.0,47.0
Flood,Riverine flood,8.9,-78.71,2006,11.0,21.0,2006,11.0,30.0,17730.0,Km2,0.0,0.0,4530.0,3240.0,11.0
Storm,Tropical cyclone,10.33,106.74,2006,11.0,30.0,2006,12.0,8.0,195.0,Kph,103322.0,66400.0,2562517.0,2560374.0,1399.0
Flood,Flash flood,-15.96,34.51,2006,11.0,27.0,2006,11.0,29.0,2760.0,Km2,0.0,0.0,8000.0,0.0,5.0
Flood,Flash flood,18.5,-73.48,2006,11.0,28.0,2006,12.0,1.0,6300.0,Km2,0.0,0.0,20010.0,20000.0,11.0
Flood,Flash flood,1.87,103.22,2006,12.0,19.0,2006,12.0,20.0,18300.0,Km2,34233.0,22000.0,100000.0,100000.0,6.0
Flood,Riverine flood,12.44,124.77,2006,12.0,27.0,2006,12.0,29.0,1410.0,Km2,5283.0,3395.0,415618.0,415618.0,0.0
Flood,Riverine flood,18.1,81.53,2006,8.0,1.0,2006,9.0,10.0,302800.0,Km2,0.0,0.0,2000000.0,2000000.0,185.0
Flood,Flash flood,-22.42,-44.0,2007,1.0,1.0,2007,1.0,12.0,210600.0,Km2,189113.0,125000.0,200080.0,200000.0,59.0
Flood,Riverine flood,-12.95,24.37,2007,1.0,10.0,2007,5.0,10.0,289.6,Km2,0.0,0.0,1400000.0,1400000.0,4.0
Flood,Riverine flood,6.71,80.95,2007,1.0,12.0,2007,1.0,14.0,10420.0,Km2,0.0,0.0,35000.0,35000.0,18.0
Flood,Riverine flood,2.19,103.37,2007,1.0,11.0,2007,2.0,1.0,26380.0,Km2,915306.0,605000.0,137533.0,137533.0,17.0
Flood,Riverine flood,7.71,125.22,2007,1.0,10.0,2007,1.0,24.0,44620.0,Km2,6173.0,4080.0,24508.0,24508.0,9.0
Flood,Riverine flood,15.1,43.88,2007,1.0,1.0,2007,1.0,4.0,25390.0,Km2,0.0,0.0,2000.0,2000.0,7.0
Flood,Riverine flood,-8.87,13.36,2007,1.0,17.0,2007,1.0,25.0,1600.0,Km2,0.0,0.0,40000.0,40000.0,105.0
Flood,Riverine flood,34.88,-90.07,2007,1.0,15.0,2007,1.0,25.0,434.4,Km2,0.0,0.0,0.0,0.0,24.0
Flood,Riverine flood,-16.97,-61.96,2007,1.0,10.0,2007,5.0,1.0,801000.0,Km2,136161.0,90000.0,339495.0,339495.0,40.0
Flood,Riverine flood,-6.22,106.83,2007,1.0,31.0,2007,2.0,22.0,1800.0,Km2,1469029.0,971000.0,217087.0,217086.0,68.0
Flood,Riverine flood,-1.73,29.48,2007,2.0,3.0,2007,2.0,16.0,1340.0,Km2,14.0,9.0,500.0,500.0,10.0
Flood,Coastal flood,-18.49,46.34,2007,2.0,8.0,2007,2.0,8.0,438800.0,Km2,0.0,0.0,33000.0,33000.0,7.0
Flood,Flash flood,-8.57,120.76,2007,3.0,1.0,2007,3.0,10.0,3220.0,Km2,0.0,0.0,11556.0,11530.0,74.0
Storm,Tropical cyclone,-14.84,49.94,2007,3.0,15.0,2007,3.0,17.0,230.0,Kph,363097.0,240000.0,215198.0,203182.0,80.0
Flood,Flash flood,16.57,49.13,2007,3.0,23.0,2007,3.0,30.0,59870.0,Km2,0.0,0.0,618.0,600.0,36.0
Flood,Riverine flood,33.25,64.89,2007,3.0,18.0,2007,3.0,26.0,304100.0,Km2,0.0,0.0,20000.0,20000.0,104.0
Flood,Riverine flood,-17.77,177.48,2007,2.0,3.0,2007,2.0,20.0,1690.0,Km2,45387.0,30000.0,900.0,900.0,1.0
Flood,Riverine flood,41.65,-0.65,2007,4.0,3.0,2007,4.0,9.0,100.0,Km2,0.0,0.0,5000.0,5000.0,1.0
Flood,Riverine flood,-31.99,-59.12,2007,3.0,20.0,2007,4.0,26.0,4000.0,Km2,15129.0,10000.0,70000.0,70000.0,5.0
Flood,Flash flood,35.64,4.2,2007,4.0,13.0,2007,4.0,15.0,7100.0,Km2,20516.0,13561.0,0.0,0.0,22.0
Flood,Flash flood,7.44,99.65,2007,4.0,14.0,2007,4.0,15.0,290.0,Km2,0.0,0.0,0.0,0.0,38.0
Flood,Flash flood,-32.87,151.38,2007,6.0,8.0,2007,6.0,12.0,11380.0,Km2,1966774.0,1300000.0,5000.0,5000.0,9.0
Flood,Riverine flood,8.38,-75.59,2007,3.0,6.0,2007,9.0,30.0,69990.0,Km2,0.0,0.0,1504317.0,1504144.0,146.0
Flood,Riverine flood,54.18,-125.03,2007,6.0,6.0,2007,6.0,11.0,205000.0,Km2,0.0,0.0,500.0,500.0,0.0
Flood,Riverine flood,27.2,116.14,2007,6.0,1.0,2007,6.0,6.0,168600.0,Km2,19668.0,13000.0,250000.0,250000.0,0.0
Flood,Riverine flood,39.4,43.8,2007,5.0,27.0,2007,6.0,1.0,38490.0,Km2,0.0,0.0,750.0,750.0,13.0
Flood,Flash flood,30.28,107.78,2007,5.0,24.0,2007,5.0,26.0,43530.0,Km2,118006.0,78000.0,2300050.0,2300000.0,43.0
Flood,Riverine flood,30.24,-98.66,2007,5.0,24.0,2007,5.0,29.0,341.3,Km2,0.0,0.0,100.0,100.0,8.0
Flood,Riverine flood,39.89,-4.22,2007,5.0,23.0,2007,5.0,26.0,2400.0,Km2,605161.0,400000.0,8000.0,8000.0,1.0
Flood,Riverine flood,-0.19,116.92,2007,5.0,15.0,2007,6.0,5.0,34350.0,Km2,0.0,0.0,60000.0,60000.0,4.0
Flood,Riverine flood,7.38,-75.43,2007,5.0,19.0,2007,6.0,12.0,29770.0,Km2,0.0,0.0,3000.0,3000.0,13.0
Flood,Riverine flood,-3.59,39.76,2007,5.0,15.0,2007,6.0,11.0,13870.0,Km2,0.0,0.0,651.0,650.0,2.0
Flood,Flash flood,36.52,70.6,2007,5.0,14.0,2007,5.0,18.0,15490.0,Km2,0.0,0.0,2950.0,2000.0,23.0
Flood,Riverine flood,62.34,130.46,2007,5.0,13.0,2007,6.0,11.0,313200.0,Km2,38960.0,25752.0,14000.0,14000.0,0.0
Flood,Riverine flood,17.21,100.34,2007,5.0,11.0,2007,5.0,21.0,38380.0,Km2,0.0,0.0,1000.0,1000.0,0.0
Flood,Riverine flood,-32.77,-55.8,2007,5.0,4.0,2007,5.0,25.0,104100.0,Km2,68081.0,45000.0,119200.0,110000.0,2.0
Flood,Riverine flood,36.29,68.85,2007,5.0,5.0,2007,5.0,7.0,25850.0,Km2,0.0,0.0,645.0,630.0,10.0
Flood,Riverine flood,16.91,96.13,2007,5.0,3.0,2007,5.0,9.0,15670.0,Km2,0.0,0.0,3000.0,3000.0,5.0
Flood,Flash flood,6.49,80.08,2007,5.0,2.0,2007,5.0,7.0,3340.0,Km2,76.0,50.0,121000.0,121000.0,15.0
Flood,Riverine flood,4.5,-75.21,2007,4.0,26.0,2007,5.0,1.0,1940.0,Km2,0.0,0.0,2035.0,0.0,24.0
Flood,Flash flood,37.01,70.73,2007,4.0,23.0,2007,5.0,4.0,27490.0,Km2,0.0,0.0,0.0,0.0,36.0
Flood,Riverine flood,40.63,73.83,2007,4.0,17.0,2007,4.0,25.0,17040.0,Km2,303.0,200.0,845.0,845.0,0.0
Flood,Riverine flood,39.35,69.46,2007,4.0,16.0,2007,4.0,20.0,58420.0,Km2,0.0,0.0,17184.0,17184.0,1.0
Flood,Riverine flood,52.52,-0.76,2007,6.0,15.0,2007,6.0,27.0,420.0,Km2,677780.0,448000.0,200.0,200.0,1.0
Flood,Riverine flood,26.26,94.02,2007,6.0,18.0,2007,6.0,26.0,74890.0,Km2,0.0,0.0,200000.0,200000.0,15.0
Flood,Riverine flood,22.02,72.25,2007,7.0,1.0,2007,7.0,13.0,61700.0,Km2,0.0,0.0,63000.0,63000.0,225.0
Flood,Riverine flood,21.03,77.52,2007,7.0,1.0,2007,7.0,6.0,106600.0,Km2,0.0,0.0,10000.0,10000.0,62.0
Flood,Riverine flood,20.05,81.86,2007,6.0,30.0,2007,7.0,13.0,74000.0,Km2,0.0,0.0,50000.0,50000.0,29.0
Flood,Riverine flood,34.27,71.87,2007,6.0,28.0,2007,7.0,22.0,130.0,Km2,0.0,0.0,2000.0,2000.0,130.0
Flood,Flash flood,33.75,52.2,2007,6.0,27.0,2007,6.0,29.0,11600.0,Km2,33284.0,22000.0,0.0,0.0,12.0
Flood,Riverine flood,32.84,-97.17,2007,6.0,26.0,2007,7.0,6.0,507800.0,Km2,0.0,0.0,5000.0,5000.0,8.0
Flood,Riverine flood,53.88,-0.91,2007,6.0,25.0,2007,7.0,3.0,27720.0,Km2,6051611.0,4000000.0,30000.0,0.0,6.0
Flood,Riverine flood,35.28,71.14,2007,6.0,24.0,2007,7.0,3.0,62340.0,Km2,0.0,0.0,4000.0,4000.0,113.0
Flood,Flash flood,14.94,78.16,2007,6.0,22.0,2007,7.0,4.0,449300.0,Km2,0.0,0.0,200000.0,200000.0,127.0
Flood,Flash flood,42.23,-74.95,2007,6.0,19.0,2007,6.0,20.0,6500.0,Km2,0.0,0.0,120.0,120.0,4.0
Flood,Riverine flood,33.45,-97.3,2007,6.0,17.0,2007,6.0,22.0,34750.0,Km2,42361.0,28000.0,750.0,750.0,10.0
Flood,Flash flood,34.98,72.23,2007,6.0,16.0,2007,6.0,20.0,12120.0,Km2,0.0,0.0,500.0,500.0,22.0
Flood,Riverine flood,12.91,33.77,2007,7.0,3.0,2007,10.0,8.0,1591000.0,Km2,453871.0,300000.0,565335.0,365000.0,150.0
Storm,Tropical cyclone,31.69,130.9,2007,7.0,13.0,2007,7.0,16.0,250.0,Kph,90774.0,60000.0,40012.0,40000.0,5.0
Flood,Riverine flood,5.45,37.12,2007,6.0,6.0,2007,7.0,11.0,19510.0,Km2,0.0,0.0,5800.0,5800.0,0.0
Flood,Riverine flood,52.07,-2.1,2007,7.0,20.0,2007,7.0,24.0,24650.0,Km2,6051611.0,4000000.0,340000.0,340000.0,7.0
Flood,Riverine flood,18.55,-72.29,2007,7.0,23.0,2007,7.0,24.0,44.0,Km2,0.0,0.0,1500.0,1500.0,4.0
Flood,Riverine flood,8.33,34.5,2007,7.0,29.0,2007,10.0,5.0,79620.0,Km2,0.0,0.0,239586.0,239586.0,17.0
Flood,Riverine flood,11.45,-4.39,2007,7.0,26.0,2007,10.0,10.0,2435.0,Km2,0.0,0.0,121043.0,92970.0,52.0
Flood,Riverine flood,-34.09,19.58,2007,7.0,27.0,2007,8.0,2.0,20100.0,Km2,0.0,0.0,38000.0,38000.0,0.0
Flood,Riverine flood,27.78,84.08,2007,7.0,23.0,2007,10.0,2.0,56920.0,Km2,3631.0,2400.0,640706.0,640658.0,214.0
Flood,Riverine flood,-3.28,120.2,2007,7.0,25.0,2007,8.0,2.0,2400.0,Km2,0.0,0.0,2000.0,2000.0,15.0
Flood,Riverine flood,23.92,91.23,2007,7.0,21.0,2007,8.0,3.0,7000.0,Km2,151290.0,100000.0,13771380.0,13771380.0,1110.0
Flood,Riverine flood,-1.74,121.49,2007,7.0,22.0,2007,8.0,7.0,4600.0,Km2,0.0,0.0,3389.0,3377.0,88.0
Flood,Riverine flood,24.1,100.16,2007,7.0,18.0,2007,8.0,3.0,165100.0,Km2,60516.0,40000.0,386000.0,386000.0,170.0
Flood,Riverine flood,43.09,88.21,2007,7.0,14.0,2007,8.0,3.0,812700.0,Km2,121032.0,80000.0,350000.0,350000.0,29.0
Flood,Flash flood,34.53,66.13,2007,7.0,15.0,2007,7.0,17.0,4110.0,Km2,0.0,0.0,2500.0,0.0,9.0
Flood,Riverine flood,18.52,95.32,2007,7.0,6.0,2007,7.0,11.0,119100.0,Km2,0.0,0.0,101920.0,97628.0,0.0
Flood,Riverine flood,22.63,88.49,2007,7.0,3.0,2007,9.0,22.0,483900.0,Km2,0.0,0.0,18700000.0,18700000.0,1103.0
Flood,Riverine flood,16.55,-11.32,2007,8.0,7.0,2007,9.0,5.0,9500.0,Km2,0.0,0.0,53620.0,53620.0,2.0
Flood,Riverine flood,38.53,126.61,2007,8.0,7.0,2007,8.0,25.0,29480.0,Km2,453871.0,300000.0,1170518.0,1000000.0,610.0
Storm,Tropical cyclone,14.54,-61.02,2007,8.0,21.0,2007,8.0,24.0,265.0,Kph,907742.0,600000.0,140000.0,140000.0,9.0
Storm,Tropical cyclone,14.64,-61.02,2007,8.0,16.0,2007,8.0,24.0,160.0,Kph,453871.0,300000.0,6.0,0.0,1.0
Flood,Riverine flood,31.24,76.53,2007,8.0,12.0,2007,8.0,17.0,191400.0,Km2,0.0,0.0,15000.0,15000.0,76.0
Flood,Riverine flood,36.86,-94.64,2007,8.0,16.0,2007,8.0,27.0,1217000.0,Km2,1059032.0,700000.0,2840.0,2800.0,26.0
Flood,Riverine flood,15.47,-13.97,2007,8.0,31.0,2007,9.0,3.0,162800.0,Km2,0.0,0.0,500.0,500.0,1.0
Flood,Riverine flood,11.54,19.05,2007,8.0,25.0,2007,9.0,9.0,454800.0,Km2,0.0,0.0,170000.0,170000.0,12.0
Flood,Riverine flood,6.51,-10.58,2007,8.0,26.0,2007,8.0,30.0,2330.0,Km2,0.0,0.0,17000.0,17000.0,1.0
Flood,Riverine flood,27.72,104.07,2007,8.0,22.0,2007,8.0,27.0,32590.0,Km2,8321.0,5500.0,213000.0,213000.0,17.0
Flood,Riverine flood,15.08,45.73,2007,8.0,1.0,2007,8.0,27.0,165100.0,Km2,0.0,0.0,0.0,0.0,50.0
Flood,Riverine flood,0.88,34.28,2007,8.0,15.0,2007,10.0,31.0,53520.0,Km2,0.0,0.0,40000.0,40000.0,13.0
Flood,Riverine flood,13.28,105.88,2007,8.0,10.0,2007,8.0,24.0,64580.0,Km2,1513.0,1000.0,19000.0,19000.0,2.0
Flood,Riverine flood,9.64,15.11,2007,8.0,9.0,2007,8.0,15.0,23500.0,Km2,0.0,0.0,3000.0,3000.0,3.0
Flood,Riverine flood,35.95,74.34,2007,8.0,12.0,2007,8.0,14.0,16540.0,Km2,0.0,0.0,0.0,0.0,22.0
Flood,Riverine flood,36.37,118.72,2007,8.0,9.0,2007,8.0,12.0,100100.0,Km2,0.0,0.0,2430000.0,2430000.0,26.0
Flood,Riverine flood,22.68,70.93,2007,8.0,8.0,2007,8.0,15.0,133800.0,Km2,0.0,0.0,0.0,0.0,16.0
Flood,Riverine flood,10.29,11.75,2007,8.0,4.0,2007,10.0,21.0,630100.0,Km2,0.0,0.0,50000.0,50000.0,68.0
Flood,Riverine flood,45.82,27.24,2007,9.0,5.0,2007,9.0,11.0,26860.0,Km2,0.0,0.0,4116.0,4116.0,9.0
Flood,Riverine flood,2.98,45.43,2007,9.0,1.0,2007,10.0,4.0,13310.0,Km2,0.0,0.0,8000.0,8000.0,4.0
Flood,Riverine flood,-1.68,29.42,2007,9.0,12.0,2007,9.0,20.0,1180.0,Km2,0.0,0.0,4000.0,4000.0,20.0
Flood,Riverine flood,16.82,102.48,2007,9.0,5.0,2007,11.0,10.0,139500.0,Km2,0.0,0.0,17000.0,17000.0,10.0
Flood,Flood (General),-1.08,116.72,2007,9.0,2.0,2007,9.0,4.0,5690.0,Km2,0.0,0.0,1000.0,1000.0,4.0
Flood,Riverine flood,32.78,108.87,2007,8.0,31.0,2007,9.0,2.0,4380.0,Km2,39335.0,26000.0,17500.0,0.0,11.0
Flood,Flash flood,34.95,5.79,2007,9.0,21.0,2007,9.0,24.0,78590.0,Km2,44631.0,29500.0,0.0,0.0,18.0
Storm,Tropical cyclone,17.07,106.9,2007,9.0,29.0,2007,10.0,12.0,117.0,Kph,288964.0,191000.0,685430.0,637755.0,96.0
Flood,Flood (General),-30.25,-52.67,2007,9.0,24.0,2007,9.0,30.0,127400.0,Km2,0.0,0.0,4000.0,4000.0,4.0
Flood,Riverine flood,10.27,-84.95,2007,9.0,20.0,2007,9.0,26.0,11460.0,Km2,0.0,0.0,12500.0,12500.0,0.0
Flood,Coastal flood,20.91,86.4,2007,9.0,22.0,2007,10.0,3.0,72010.0,Km2,416048.0,275000.0,7200000.0,7200000.0,80.0
Flood,Riverine flood,14.6,-90.49,2007,9.0,22.0,2007,9.0,24.0,2300.0,Km2,0.0,0.0,656.0,656.0,11.0
Flood,Riverine flood,15.71,79.88,2007,9.0,16.0,2007,10.0,7.0,90280.0,Km2,0.0,0.0,20000.0,20000.0,94.0
Flood,Flash flood,36.95,9.71,2007,10.0,13.0,2007,10.0,16.0,6550.0,Km2,0.0,0.0,5000.0,5000.0,16.0
Flood,Riverine flood,15.87,107.78,2007,10.0,14.0,2007,10.0,24.0,24810.0,Km2,15129.0,10000.0,22000.0,22000.0,15.0
Flood,Riverine flood,17.67,-92.41,2007,10.0,28.0,2007,11.0,16.0,35810.0,Km2,4538708.0,3000000.0,1600000.0,1600000.0,22.0
Flood,Riverine flood,16.32,107.36,2007,10.0,28.0,2007,11.0,9.0,35110.0,Km2,453871.0,300000.0,94042.0,94000.0,83.0
Flood,Riverine flood,12.73,79.7,2007,10.0,27.0,2007,11.0,1.0,76740.0,Km2,0.0,0.0,50000.0,50000.0,29.0
Flood,Riverine flood,13.36,123.38,2007,10.0,27.0,2007,11.0,1.0,4600.0,Km2,0.0,0.0,0.0,0.0,20.0
Flood,Riverine flood,-4.37,15.38,2007,10.0,25.0,2007,10.0,31.0,1950.0,Km2,0.0,0.0,1600.0,1500.0,32.0
Flood,Riverine flood,-22.72,-43.42,2007,10.0,24.0,2007,10.0,27.0,730.0,Km2,0.0,0.0,2272.0,2272.0,6.0
Flood,Riverine flood,7.89,-74.91,2007,10.0,20.0,2007,10.0,26.0,189700.0,Km2,0.0,0.0,1162135.0,1162083.0,35.0
Flood,Riverine flood,9.72,99.0,2007,10.0,22.0,2007,10.0,29.0,13140.0,Km2,2269.0,1500.0,100000.0,100000.0,2.0
Flood,Flood (General),11.01,105.51,2007,10.0,20.0,2007,11.0,2.0,46470.0,Km2,0.0,0.0,280000.0,280000.0,3.0
Flood,Coastal flood,8.796,124.833,2007,11.0,18.0,2007,11.0,21.0,11140.0,Km2,3813.0,2520.0,16463.0,16463.0,11.0
Flood,Riverine flood,41.74,25.62,2007,11.0,16.0,2007,12.0,2.0,52770.0,Km2,0.0,0.0,600.0,600.0,2.0
Flood,Riverine flood,0.35,32.59,2007,11.0,15.0,2007,11.0,18.0,550.0,Km2,0.0,0.0,3000.0,3000.0,4.0
Storm,Tropical cyclone,22.61,90.15,2007,11.0,15.0,2007,11.0,19.0,250.0,Kph,3479676.0,2300000.0,8978541.0,8923259.0,4234.0
Flood,Coastal flood,15.3,108.44,2007,11.0,10.0,2007,11.0,21.0,36820.0,Km2,529516.0,350000.0,150000.0,150000.0,55.0
Flood,Flash flood,11.82,51.02,2007,11.0,3.0,2007,11.0,4.0,310.0,Km2,0.0,0.0,2012.0,0.0,21.0
Flood,Riverine flood,36.75,2.96,2007,11.0,24.0,2007,12.0,2.0,21400.0,Km2,0.0,0.0,1203.0,1200.0,14.0
Storm,Tropical cyclone,17.08,122.01,2007,11.0,25.0,2007,12.0,2.0,170.0,Kph,7565.0,5000.0,443115.0,443109.0,29.0
Storm,Tropical cyclone,8.796,124.83,2007,11.0,18.0,2007,11.0,23.0,129.0,Kph,1513.0,1000.0,35333.0,35322.0,20.0
Storm,Storm (General),47.09,-122.91,2007,12.0,3.0,2007,12.0,7.0,160.0,Kph,1512903.0,1000000.0,1128.0,1100.0,17.0
Storm,Tropical cyclone,-13.67,131.92,2007,3.0,2.0,2007,3.0,16.0,275.0,Kph,151290.0,100000.0,820.0,730.0,2.0
Flood,Flood (General),6.96,3.3,2007,8.0,1.0,2007,8.0,15.0,5270.0,Km2,0.0,0.0,5000.0,5000.0,6.0
Flood,Riverine flood,20.45,86.2,2007,8.0,3.0,2007,8.0,27.0,15360.0,Km2,0.0,0.0,500000.0,500000.0,15.0
Flood,Flood (General),33.4,126.72,2007,9.0,4.0,2007,9.0,7.0,930.0,Km2,0.0,0.0,1000.0,1000.0,3.0
Flood,Riverine flood,27.58,95.26,2007,7.0,12.0,2007,10.0,10.0,103600.0,Km2,0.0,0.0,11100000.0,11100000.0,96.0
Flood,Riverine flood,10.39,76.31,2007,7.0,16.0,2007,7.0,20.0,21120.0,Km2,153032.0,101151.0,35000.0,35000.0,44.0
Flood,Riverine flood,7.72,81.4,2007,12.0,16.0,2008,1.0,1.0,7950.0,Km2,0.0,0.0,250000.0,250000.0,0.0
Flood,Riverine flood,-3.61,38.69,2007,12.0,12.0,2007,12.0,15.0,6200.0,Km2,0.0,0.0,2000.0,2000.0,4.0
Flood,Flood (General),-19.06,34.36,2007,12.0,11.0,2008,1.0,3.0,57570.0,Km2,151290.0,100000.0,113535.0,113535.0,20.0
Flood,Riverine flood,-20.78,31.24,2007,12.0,19.0,2008,1.0,2.0,53810.0,Km2,0.0,0.0,2000.0,2000.0,24.0
Flood,Riverine flood,-15.94,27.77,2007,12.0,30.0,2008,2.0,27.0,2180.0,Km2,0.0,0.0,34766.0,34766.0,10.0
Flood,Riverine flood,-17.66,-65.3,2007,12.0,15.0,2008,2.0,20.0,218600.0,Km2,756451.0,500000.0,485024.0,485000.0,75.0
Flood,Riverine flood,39.63,-119.2,2008,1.0,5.0,2008,1.0,9.0,550.0,Km2,0.0,0.0,1500.0,1500.0,2.0
Flood,Riverine flood,-6.23,106.83,2008,1.0,2.0,2008,1.0,6.0,2180.0,Km2,0.0,0.0,1000.0,1000.0,0.0
Flood,Riverine flood,-28.44,152.87,2008,1.0,3.0,2008,1.0,9.0,41560.0,Km2,131127.0,90000.0,3000.0,3000.0,1.0
Flood,Riverine flood,-24.5,-47.88,2008,1.0,12.0,2008,1.0,16.0,23020.0,Km2,0.0,0.0,49506.0,48071.0,4.0
Flood,Riverine flood,-20.4,144.56,2008,1.0,14.0,2008,2.0,1.0,649500.0,Km2,874181.0,600000.0,3200.0,3200.0,0.0
Flood,Riverine flood,-22.37,-43.13,2008,2.0,2.0,2008,2.0,6.0,290.0,Km2,0.0,0.0,12870.0,12858.0,9.0
Flood,Riverine flood,-6.19,106.85,2008,2.0,1.0,2008,2.0,6.0,380.0,Km2,0.0,0.0,89761.0,88261.0,3.0
Flood,Riverine flood,-1.25,-79.66,2008,1.0,30.0,2008,3.0,3.0,75830.0,Km2,1456968.0,1000000.0,289122.0,275000.0,41.0
Flood,Riverine flood,-7.71,112.91,2008,1.0,30.0,2008,1.0,31.0,810.0,Km2,951.0,653.0,40000.0,40000.0,3.0
Flood,Riverine flood,-22.92,-61.66,2008,1.0,28.0,2008,3.0,30.0,88120.0,Km2,0.0,0.0,85000.0,85000.0,0.0
Flood,Riverine flood,-10.11,-73.01,2008,2.0,4.0,2008,3.0,14.0,456900.0,Km2,0.0,0.0,450012.0,450000.0,40.0
Flood,Flash flood,-7.74,114.0,2008,2.0,8.0,2008,2.0,12.0,400.0,Km2,0.0,0.0,7000.0,7000.0,14.0
Storm,Tropical cyclone,-18.69,46.9,2008,2.0,17.0,2008,3.0,3.0,230.0,Kph,87418.0,60000.0,524153.0,332391.0,93.0
Flood,Riverine flood,11.64,125.22,2008,2.0,12.0,2008,3.0,12.0,21800.0,Km2,44777.0,30733.0,875343.0,875306.0,63.0
Flood,Riverine flood,42.3,68.55,2008,2.0,20.0,2008,3.0,3.0,51580.0,Km2,189406.0,130000.0,13000.0,13000.0,1.0
Flood,Riverine flood,-22.46,149.54,2008,2.0,13.0,2008,2.0,26.0,44350.0,Km2,1602665.0,1100000.0,1000.0,1000.0,2.0
Flood,Riverine flood,-7.13,112.37,2008,3.0,1.0,2008,3.0,14.0,11590.0,Km2,0.0,0.0,12000.0,12000.0,3.0
Flood,Riverine flood,-5.36,-41.68,2008,3.0,30.0,2008,4.0,4.0,1120000.0,Km2,524509.0,360000.0,190000.0,190000.0,36.0
Flood,Riverine flood,-3.38,38.17,2008,3.0,17.0,2008,4.0,5.0,12190.0,Km2,0.0,0.0,700.0,700.0,0.0
Flood,Riverine flood,0.54,101.78,2008,3.0,10.0,2008,4.0,3.0,80090.0,Km2,0.0,0.0,60000.0,60000.0,0.0
Flood,Flood (General),2.83,37.67,2008,3.0,20.0,2008,4.0,2.0,21280.0,Km2,0.0,0.0,10000.0,10000.0,2.0
Flood,Flood (General),10.76,78.72,2008,3.0,20.0,2008,3.0,28.0,144300.0,Km2,2914.0,2000.0,10278.0,10278.0,37.0
Flood,Riverine flood,36.23,-89.15,2008,3.0,17.0,2008,4.0,20.0,565200.0,Km2,2914.0,2000.0,1000.0,1000.0,18.0
Flood,Riverine flood,7.83,80.82,2008,3.0,12.0,2008,3.0,14.0,43220.0,Km2,0.0,0.0,54323.0,54323.0,8.0
Flood,Riverine flood,44.46,-77.47,2008,4.0,10.0,2008,4.0,24.0,22900.0,Km2,0.0,0.0,400.0,400.0,0.0
Flood,Flash flood,4.65,95.77,2008,4.0,23.0,2008,4.0,27.0,4200.0,Km2,0.0,0.0,34514.0,34514.0,0.0
Flood,Flash flood,7.18,80.77,2008,5.0,29.0,2008,6.0,5.0,40670.0,Km2,0.0,0.0,362582.0,362582.0,25.0
Flood,Riverine flood,-35.86,-71.95,2008,5.0,19.0,2008,5.0,27.0,110500.0,Km2,0.0,0.0,40000.0,40000.0,5.0
Flood,Riverine flood,-29.67,31.09,2008,6.0,19.0,2008,6.0,19.0,25970.0,Km2,1842.0,1264.0,4000.0,4000.0,11.0
Flood,Flash flood,25.18,91.54,2008,6.0,11.0,2008,7.0,21.0,350600.0,Km2,179207.0,123000.0,7900000.0,7900000.0,1063.0
Storm,Tropical cyclone,13.16,122.6,2008,6.0,21.0,2008,6.0,23.0,170.0,Kph,414790.0,284694.0,4785460.0,4784634.0,644.0
Flood,Riverine flood,8.25,-64.88,2008,6.0,1.0,2008,6.0,25.0,30310.0,Km2,0.0,0.0,6548.0,6548.0,2.0
Flood,Riverine flood,-1.57,40.12,2008,6.0,13.0,2008,6.0,20.0,41800.0,Km2,0.0,0.0,8658.0,8658.0,16.0
Flood,Flash flood,12.14,107.83,2008,5.0,11.0,2008,5.0,12.0,5300.0,Km2,0.0,0.0,500.0,500.0,4.0
Flood,Riverine flood,30.87,113.03,2008,5.0,2.0,2008,5.0,5.0,43960.0,Km2,27682.0,19000.0,780000.0,780000.0,3.0
Flood,Riverine flood,52.15,-81.96,2008,4.0,26.0,2008,5.0,1.0,3180.0,Km2,0.0,0.0,2000.0,2000.0,0.0
Storm,Tropical cyclone,32.56,114.41,2008,7.0,28.0,2008,8.0,8.0,155.0,Kph,106359.0,73000.0,93006.0,93000.0,1.0
Flood,Riverine flood,35.88,136.38,2008,7.0,28.0,2008,7.0,29.0,52420.0,Km2,0.0,0.0,50003.0,50000.0,5.0
Storm,Tropical cyclone,22.94,120.79,2008,7.0,18.0,2008,7.0,19.0,138.0,Kph,23311.0,16000.0,8.0,0.0,26.0
Flood,Riverine flood,33.92,71.7,2008,8.0,2.0,2008,8.0,4.0,32490.0,Km2,150068.0,103000.0,200012.0,200000.0,36.0
Flood,Riverine flood,9.233,18.35,2008,7.0,20.0,2008,8.0,25.0,61820.0,Km2,0.0,0.0,6450.0,0.0,0.0
Flood,Riverine flood,0.68,122.52,2008,9.0,6.0,2008,9.0,8.0,9851.0,Km2,1574.0,1080.0,118000.0,118000.0,16.0
Storm,Tropical cyclone,35.05,-90.45,2008,9.0,12.0,2008,9.0,16.0,200.0,Kph,43709050.0,30000000.0,200000.0,200000.0,82.0
Flood,Riverine flood,21.02,90.21,2008,8.0,30.0,2008,9.0,8.0,59250.0,Km2,0.0,0.0,615638.0,600000.0,12.0
Flood,Flash flood,7.585,33.31,2008,8.0,20.0,2008,8.0,28.0,69940.0,Km2,0.0,0.0,91764.0,91764.0,5.0
Flood,Riverine flood,16.65,81.38,2008,9.0,5.0,2008,9.0,11.0,75490.0,Km2,0.0,0.0,0.0,0.0,74.0
Flood,Riverine flood,22.62,101.55,2008,8.0,7.0,2008,8.0,11.0,24610.0,Km2,61193.0,42000.0,810000.0,810000.0,20.0
Flood,Riverine flood,39.24,44.69,2008,8.0,7.0,2008,8.0,8.0,7096.0,Km2,0.0,0.0,1280.0,1200.0,3.0
Flood,Flash flood,3.48,32.24,2008,10.0,1.0,2008,10.0,17.0,34760.0,Km2,507025.0,348000.0,59050.0,59000.0,93.0
Flood,Riverine flood,12.0,-86.37,2008,9.0,24.0,2008,10.0,17.0,34760.0,Km2,0.0,0.0,3525.0,3525.0,13.0
Flood,Flash flood,14.9,107.46,2008,10.0,19.0,2008,10.0,20.0,39090.0,Km2,5828.0,4000.0,12004.0,12000.0,29.0
Flood,Flash flood,4.0,41.9,2008,10.0,14.0,2008,10.0,16.0,45130.0,Km2,0.0,0.0,6000.0,6000.0,3.0
Flood,Riverine flood,-1.72,29.89,2008,10.0,1.0,2008,10.0,6.0,11140.0,Km2,0.0,0.0,11346.0,11295.0,0.0
Flood,Riverine flood,22.044,94.55,2008,8.0,30.0,2008,9.0,8.0,80590.0,Km2,29139.0,20000.0,2600000.0,2600000.0,47.0
Flood,Flash flood,33.73,-4.77,2008,10.0,23.0,2008,11.0,3.0,146700.0,Km2,0.0,0.0,20000.0,20000.0,30.0
Flood,Flash flood,15.54,49.78,2008,10.0,23.0,2008,10.0,24.0,133200.0,Km2,582787.0,400000.0,25064.0,25000.0,90.0
Flood,Riverine flood,20.74,106.32,2008,10.0,27.0,2008,11.0,4.0,74590.0,Km2,697888.0,479000.0,600000.0,600000.0,99.0
Flood,Flash flood,1.25,43.5,2008,11.0,3.0,2008,11.0,4.0,111900.0,Km2,0.0,0.0,52000.0,52000.0,0.0
Flood,Riverine flood,0.83,43.06,2008,11.0,16.0,2008,11.0,17.0,25490.0,Km2,0.0,0.0,23831.0,23831.0,11.0
Flood,Riverine flood,0.05,35.12,2008,11.0,10.0,2008,11.0,25.0,37960.0,Km2,0.0,0.0,30770.0,30770.0,17.0
Flood,Riverine flood,19.16,109.82,2008,10.0,10.0,2008,10.0,16.0,29940.0,Km2,0.0,0.0,50000.0,50000.0,3.0
Flood,Riverine flood,9.24,29.66,2008,10.0,3.0,2008,10.0,6.0,81580.0,Km2,0.0,0.0,3000.0,3000.0,17.0
Flood,Riverine flood,36.16,45.11,2008,9.0,10.0,2008,9.0,11.0,3310.0,Km2,0.0,0.0,600.0,0.0,4.0
Flood,Riverine flood,20.61,-76.17,2008,11.0,17.0,2008,11.0,20.0,35290.0,Km2,0.0,0.0,20000.0,20000.0,0.0
Flood,Flash flood,17.95,147.03,2008,11.0,21.0,2008,11.0,24.0,21770.0,Km2,5956.0,4088.0,239763.0,239763.0,10.0
Flood,Flash flood,7.55,100.1,2008,11.0,20.0,2008,12.0,20.0,15650.0,Km2,16755.0,11500.0,700000.0,700000.0,21.0
Flood,Riverine flood,-25.1,-49.34,2008,11.0,22.0,2008,11.0,24.0,103400.0,Km2,1092726.0,750000.0,1500015.0,1500000.0,151.0
Flood,Riverine flood,9.0,-74.23,2008,9.0,15.0,2009,1.0,12.0,195400.0,Km2,0.0,0.0,1200091.0,1200000.0,76.0
Flood,Flash flood,8.57,80.8,2008,11.0,22.0,2008,12.0,4.0,103400.0,Km2,0.0,0.0,360000.0,360000.0,15.0
Flood,Riverine flood,4.94,101.8,2008,12.0,1.0,2008,12.0,4.0,58100.0,Km2,0.0,0.0,2000.0,2000.0,0.0
Flood,Riverine flood,17.2,121.8,2008,12.0,1.0,2008,12.0,4.0,24110.0,Km2,0.0,0.0,50000.0,0.0,29.0
Flood,Riverine flood,41.83,13.16,2008,12.0,11.0,2008,12.0,15.0,5425.0,Km2,405037.0,278000.0,0.0,0.0,3.0
Flood,Riverine flood,9.77,-66.4,2008,11.0,20.0,2008,11.0,23.0,61390.0,Km2,0.0,0.0,1500.0,1500.0,8.0
Flood,Riverine flood,-21.56,147.03,2008,11.0,20.0,2008,11.0,23.0,105500.0,Km2,400666.0,275000.0,1200.0,1200.0,4.0
Flood,Riverine flood,7.01,-58.58,2008,12.0,8.0,2008,12.0,17.0,40000.0,Km2,0.0,0.0,100000.0,100000.0,0.0
Flood,Riverine flood,30.74,72.63,2008,8.0,9.0,2008,8.0,20.0,165900.0,Km2,0.0,0.0,90752.0,90752.0,37.0
Flood,Riverine flood,18.89,107.06,2008,12.0,25.0,2009,1.0,5.0,29580.0,Km2,0.0,0.0,20000.0,20000.0,9.0
Flood,Riverine flood,27.5,89.79,2008,7.0,20.0,2008,8.0,8.0,283800.0,Km2,0.0,0.0,225000.0,225000.0,142.0
Flood,Riverine flood,-22.92,34.03,2008,12.0,28.0,2009,1.0,19.0,126000.0,Km2,0.0,0.0,3500.0,3500.0,25.0
Flood,Flash flood,6.64,101.1,2008,12.0,28.0,2009,1.0,19.0,67570.0,Km2,0.0,0.0,6000.0,6000.0,0.0
Flood,Riverine flood,-3.33,103.14,2008,12.0,26.0,2009,1.0,12.0,126700.0,Km2,0.0,0.0,15000.0,15000.0,24.0
Flood,Riverine flood,42.84,-123.77,2008,12.0,29.0,2009,1.0,16.0,35110.0,Km2,0.0,0.0,30000.0,30000.0,0.0
Flood,Riverine flood,-17.74,178.05,2009,1.0,8.0,2009,1.0,19.0,348.0,Km2,63234.0,43247.0,10556.0,10556.0,12.0
Storm,Extra-tropical storm,42.24,-2.6,2009,1.0,23.0,2009,1.0,26.0,171.0,Kph,4678934.0,3200000.0,0.0,0.0,11.0
Flood,Riverine flood,47.61,24.93,2009,1.0,23.0,2009,1.0,26.0,19410.0,Km2,0.0,0.0,0.0,0.0,11.0
Flood,Riverine flood,19.32,-70.14,2009,1.0,8.0,2009,1.0,16.0,14540.0,Km2,64335.0,44000.0,4565.0,4565.0,2.0
Flood,Riverine flood,-16.59,-44.89,2009,1.0,20.0,2009,1.0,27.0,1186000.0,Km2,0.0,0.0,1048.0,1048.0,16.0
Flood,Riverine flood,29.61,0.71,2009,1.0,20.0,2009,1.0,27.0,132800.0,Km2,0.0,0.0,2548.0,0.0,33.0
Flood,Riverine flood,4.36,-76.51,2009,2.0,15.0,2009,2.0,17.0,72650.0,Km2,0.0,0.0,31250.0,31250.0,23.0
Flood,Riverine flood,-9.84,14.15,2009,2.0,14.0,2009,2.0,16.0,61810.0,Km2,0.0,0.0,415.0,0.0,2.0
Flood,Riverine flood,-8.14,-158.66,2009,1.0,29.0,2009,2.0,6.0,118000.0,Km2,0.0,0.0,7000.0,7000.0,21.0
Flood,Riverine flood,19.28,-70.08,2009,2.0,2.0,2009,2.0,12.0,15150.0,Km2,12287.0,8403.0,10000.0,10000.0,5.0
Flood,Riverine flood,32.65,-6.16,2009,2.0,1.0,2009,2.0,12.0,188200.0,Km2,0.0,0.0,2000.0,2000.0,24.0
Storm,Tropical cyclone,-17.69,46.42,2009,1.0,19.0,2009,1.0,22.0,210.0,Kph,0.0,0.0,62505.0,58493.0,12.0
Flood,Flash flood,-2.63,120.26,2009,1.0,27.0,2009,2.0,2.0,60610.0,Km2,0.0,0.0,12000.0,12000.0,18.0
Flood,Riverine flood,48.25,-97.03,2009,3.0,24.0,2009,4.0,20.0,39740.0,Km2,242720.0,166000.0,5060.0,5000.0,2.0
Flood,Riverine flood,-18.76,-62.62,2009,2.0,12.0,2009,2.0,23.0,167900.0,Km2,0.0,0.0,63000.0,63000.0,0.0
Flood,Riverine flood,6.55,106.36,2009,3.0,26.0,2009,3.0,27.0,19200.0,Km2,0.0,0.0,1600.0,1600.0,64.0
Flood,Riverine flood,-3.27,29.75,2009,4.0,12.0,2009,4.0,15.0,11710.0,Km2,0.0,0.0,8000.0,8000.0,0.0
Flood,Riverine flood,-3.19,-45.43,2009,4.0,22.0,2009,5.0,14.0,524400.0,Km2,804192.0,550000.0,1150900.0,1150900.0,56.0
Flood,Riverine flood,33.07,63.59,2009,3.0,25.0,2009,5.0,24.0,88520.0,Km2,29243.0,20000.0,60016.0,60000.0,39.0
Flood,Riverine flood,38.51,71.29,2009,4.0,21.0,2009,6.0,1.0,62470.0,Km2,1462.0,1000.0,15000.0,15000.0,21.0
Flood,Riverine flood,37.66,-81.28,2009,5.0,3.0,2009,5.0,10.0,16460.0,Km2,0.0,0.0,900.0,0.0,0.0
Flood,Riverine flood,47.16,-67.63,2009,4.0,1.0,2009,4.0,9.0,20490.0,Km2,0.0,0.0,200.0,200.0,0.0
Flood,Riverine flood,30.84,-85.23,2009,4.0,6.0,2009,4.0,9.0,82060.0,Km2,0.0,0.0,1000.0,1000.0,0.0
Flood,Riverine flood,19.56,-72.33,2009,5.0,15.0,2009,5.0,21.0,5754.0,Km2,0.0,0.0,9910.0,0.0,11.0
Storm,Tropical cyclone,22.16,89.09,2009,5.0,25.0,2009,5.0,26.0,90.0,Kph,394785.0,270000.0,3935341.0,3928238.0,190.0
Storm,Severe weather,-29.05,152.73,2009,5.0,19.0,2009,5.0,28.0,130.0,Kph,87730.0,60000.0,15000.0,15000.0,1.0
Flood,Riverine flood,-16.7,23.32,2009,5.0,10.0,2009,7.0,1.0,571700.0,Km2,0.0,0.0,3789.0,3789.0,0.0
Flood,Riverine flood,26.85,110.28,2009,6.0,19.0,2009,6.0,22.0,82900.0,Km2,86268.0,59000.0,106000.0,106000.0,11.0
Flood,Riverine flood,5.73,-0.1,2009,6.0,6.0,2009,7.0,8.0,9340.0,Km2,0.0,0.0,19755.0,19755.0,16.0
Flood,Riverine flood,20.67,104.3,2009,7.0,3.0,2009,7.0,6.0,69860.0,Km2,0.0,0.0,700000.0,700000.0,20.0
Flood,Riverine flood,-33.07,18.92,2009,7.0,12.0,2009,7.0,16.0,32700.0,Km2,0.0,0.0,20000.0,20000.0,11.0
Flood,Riverine flood,41.0,40.04,2009,7.0,10.0,2009,7.0,16.0,26430.0,Km2,0.0,0.0,111.0,100.0,7.0
Flood,Riverine flood,24.99,67.19,2009,7.0,17.0,2009,7.0,19.0,10370.0,Km2,0.0,0.0,70.0,0.0,52.0
Flood,Riverine flood,44.87,17.48,2009,7.0,7.0,2009,7.0,15.0,6061.0,Km2,0.0,0.0,1100.0,1100.0,0.0
Flood,Riverine flood,47.4,15.71,2009,7.0,16.0,2009,7.0,19.0,2765.0,Km2,0.0,0.0,0.0,0.0,0.0
Flood,Riverine flood,25.31,112.71,2009,7.0,1.0,2009,7.0,8.0,542100.0,Km2,1462167.0,1000000.0,39372000.0,39372000.0,90.0
Flood,Riverine flood,25.26,89.09,2009,7.0,3.0,2009,7.0,6.0,49030.0,Km2,0.0,0.0,500000.0,500000.0,6.0
Flood,Flash flood,33.92,72.25,2009,8.0,15.0,2009,8.0,17.0,30560.0,Km2,0.0,0.0,75000.0,75000.0,36.0
Flood,Riverine flood,15.58,-16.81,2009,8.0,24.0,2009,8.0,25.0,8511.0,Km2,0.0,0.0,264000.0,264000.0,6.0
Flood,Flash flood,41.09,38.95,2009,9.0,7.0,2009,9.0,10.0,3167.0,Km2,804192.0,550000.0,35020.0,35000.0,40.0
Flood,Riverine flood,19.5,-99.25,2009,9.0,1.0,2009,9.0,10.0,34560.0,Km2,0.0,0.0,1500.0,1500.0,4.0
Flood,Riverine flood,12.26,5.68,2009,9.0,10.0,2009,9.0,18.0,64200.0,Km2,0.0,0.0,150000.0,150000.0,0.0
Flood,Riverine flood,8.85,-0.99,2009,9.0,17.0,2009,9.0,21.0,73810.0,Km2,0.0,0.0,139790.0,139790.0,24.0
Flood,Riverine flood,26.62,105.15,2009,8.0,28.0,2009,9.0,1.0,81300.0,Km2,0.0,0.0,118000.0,118000.0,12.0
Flood,Riverine flood,27.01,15.98,2009,8.0,16.0,2009,8.0,26.0,59850.0,Km2,0.0,0.0,111455.0,111455.0,20.0
Storm,Tropical cyclone,17.57,121.42,2009,9.0,29.0,2009,10.0,10.0,145.0,Kph,855922.0,585379.0,4478491.0,4478284.0,512.0
Flood,Riverine flood,15.71,78.23,2009,9.0,25.0,2009,10.0,12.0,309700.0,Km2,3143659.0,2150000.0,4100000.0,4100000.0,355.0
Flood,Riverine flood,29.81,80.76,2009,10.0,4.0,2009,10.0,12.0,129700.0,Km2,87730.0,60000.0,257786.0,257724.0,87.0
Flood,Riverine flood,-25.1,-56.27,2009,9.0,22.0,2009,10.0,23.0,163300.0,Km2,1199.0,820.0,12035.0,12035.0,0.0
Flood,Riverine flood,11.47,77.85,2009,11.0,3.0,2009,11.0,8.0,35730.0,Km2,93579.0,64000.0,8.0,0.0,70.0
Flood,Riverine flood,-6.77,35.89,2009,11.0,10.0,2009,11.0,13.0,194800.0,Km2,0.0,0.0,0.0,0.0,20.0
Flood,Riverine flood,-32.99,-59.05,2009,11.0,14.0,2009,11.0,22.0,415000.0,Km2,0.0,0.0,30618.0,30618.0,7.0
Flood,Riverine flood,5.74,100.96,2009,11.0,23.0,2009,11.0,26.0,14490.0,Km2,0.0,0.0,1793.0,1793.0,0.0
Flood,Riverine flood,-22.54,-43.12,2009,11.0,12.0,2009,11.0,13.0,47900.0,Km2,0.0,0.0,200.0,0.0,3.0
Flood,Riverine flood,18.48,-91.05,2009,11.0,7.0,2009,11.0,8.0,35580.0,Km2,0.0,0.0,200000.0,200000.0,15.0
Flood,Riverine flood,18.48,-91.05,2009,11.0,1.0,2009,11.0,12.0,44320.0,Km2,0.0,0.0,107670.0,107670.0,0.0
Flood,Riverine flood,40.23,21.24,2009,11.0,24.0,2009,11.0,26.0,114600.0,Km2,1315950.0,900000.0,10000.0,0.0,161.0
Flood,Riverine flood,-31.26,-56.48,2009,11.0,21.0,2009,11.0,30.0,43490.0,Km2,0.0,0.0,4000.0,4000.0,1.0
Flood,Flash flood,8.02,81.27,2009,12.0,14.0,2009,12.0,16.0,15650.0,Km2,0.0,0.0,300000.0,300000.0,3.0
Flood,Riverine flood,-31.17,151.75,2009,12.0,25.0,2009,12.0,28.0,149300.0,Km2,0.0,0.0,200.0,200.0,0.0
Flood,Flash flood,31.81,-6.78,2009,12.0,25.0,2009,12.0,26.0,157500.0,Km2,0.0,0.0,7520.0,7500.0,5.0
Flood,Riverine flood,-6.8,36.02,2009,12.0,25.0,2010,1.0,10.0,167300.0,Km2,0.0,0.0,50000.0,50000.0,18.0
Flood,Riverine flood,4.99,102.36,2009,11.0,20.0,2009,11.0,27.0,9062.0,Km2,0.0,0.0,9082.0,9082.0,0.0
Flood,Riverine flood,15.19,108.02,2009,9.0,25.0,2009,9.0,28.0,47600.0,Km2,0.0,0.0,40000.0,40000.0,17.0
Flood,Riverine flood,17.83,104.79,2009,8.0,10.0,2009,8.0,11.0,24950.0,Km2,0.0,0.0,0.0,0.0,10.0
Flood,Riverine flood,30.86,101.18,2009,7.0,26.0,2009,8.0,4.0,201100.0,Km2,48252.0,33000.0,38.0,0.0,20.0
Flood,Riverine flood,16.45,-96.97,2009,7.0,14.0,2009,7.0,16.0,51610.0,Km2,0.0,0.0,0.0,0.0,11.0
Flood,Riverine flood,28.08,31.09,2010,1.0,18.0,2010,1.0,19.0,226100.0,Km2,0.0,0.0,3500.0,3500.0,12.0
Flood,Riverine flood,-17.83,-63.6,2010,1.0,1.0,2010,1.0,13.0,102200.0,Km2,0.0,0.0,227860.0,227860.0,26.0
Flood,Riverine flood,9.11,-82.64,2010,1.0,11.0,2010,1.0,13.0,23340.0,Km2,0.0,0.0,1000.0,1000.0,0.0
Flood,Riverine flood,19.94,-99.0,2010,1.0,26.0,2010,2.0,13.0,122621.0,Km2,23017.0,16000.0,20000.0,20000.0,41.0
Flood,Riverine flood,-4.68,-78.29,2010,2.0,10.0,2010,2.0,17.0,305800.0,Km2,0.0,0.0,80000.0,80000.0,20.0
Flood,Riverine flood,-32.42,149.59,2010,2.0,13.0,2010,2.0,16.0,311900.0,Km2,0.0,0.0,0.0,0.0,0.0
Flood,Flash flood,19.63,-70.56,2010,2.0,14.0,2010,2.0,15.0,2791.0,Km2,0.0,0.0,25700.0,25700.0,1.0
Flood,Riverine flood,32.76,-16.97,2010,2.0,20.0,2010,2.0,21.0,483.0,Km2,1942075.0,1350000.0,618.0,600.0,43.0
Flood,Riverine flood,18.42,73.77,2010,2.0,18.0,2010,3.0,2.0,3836.0,Km2,0.0,0.0,22085.0,22085.0,27.0
Flood,Riverine flood,0.01,34.5,2010,3.0,1.0,2010,5.0,14.0,40320.0,Km2,0.0,0.0,141164.0,141164.0,94.0
Flood,Riverine flood,-19.96,34.25,2010,2.0,22.0,2010,3.0,11.0,26370.0,Km2,0.0,0.0,17000.0,17000.0,5.0
Flood,Riverine flood,-26.21,147.95,2010,2.0,28.0,2010,3.0,17.0,431681.0,Km2,156805.0,109000.0,0.0,0.0,0.0
Flood,Riverine flood,-16.11,17.25,2010,3.0,1.0,2010,3.0,17.0,274100.0,Km2,0.0,0.0,110886.0,110875.0,7.0
Flood,Riverine flood,-18.69,23.23,2010,3.0,24.0,2010,3.0,24.0,64630.0,Km2,0.0,0.0,110000.0,110000.0,8.0
Flood,Riverine flood,39.48,-74.87,2010,3.0,27.0,2010,3.0,31.0,240301.0,Km2,0.0,0.0,0.0,0.0,0.0
Flood,Riverine flood,4.113,-72.96,2010,4.0,6.0,2011,3.0,7.0,1140146.0,Km2,1438574.0,1000000.0,2791999.0,2791536.0,418.0
Flood,Riverine flood,34.38,62.25,2010,5.0,5.0,2010,5.0,8.0,65810.0,Km2,0.0,0.0,40000.0,40000.0,70.0
Flood,Riverine flood,14.03,44.31,2010,5.0,5.0,2010,5.0,5.0,38890.0,Km2,0.0,0.0,1002.0,0.0,7.0
Storm,Severe weather,36.07,-87.28,2010,4.0,30.0,2010,5.0,3.0,320.0,Kph,3380648.0,2350000.0,8000.0,8000.0,30.0
Flood,Riverine flood,6.83,80.59,2010,5.0,14.0,2010,5.0,20.0,19210.0,Km2,151050.0,105000.0,606072.0,606072.0,28.0
Flood,Riverine flood,6.78,125.3,2010,5.0,28.0,2010,6.0,1.0,22340.0,Km2,0.0,0.0,40000.0,40000.0,27.0
Flood,Riverine flood,48.59,24.79,2010,6.0,27.0,2010,7.0,2.0,34500.0,Km2,2733.0,1900.0,40059.0,40000.0,6.0
Flood,Riverine flood,30.18,74.77,2010,7.0,5.0,2010,7.0,15.0,147437.0,Km2,643042.0,447000.0,400000.0,0.0,53.0
Flood,Riverine flood,46.82,27.97,2010,7.0,5.0,2010,7.0,7.0,12210.0,Km2,0.0,0.0,12000.0,12000.0,1.0
Flood,Riverine flood,19.25,-70.39,2010,7.0,15.0,2010,7.0,15.0,15730.0,Km2,0.0,0.0,9500.0,9500.0,6.0
Flood,Riverine flood,36.03,72.08,2010,6.0,22.0,2010,6.0,24.0,9326.0,Km2,0.0,0.0,0.0,0.0,46.0
Flood,Riverine flood,15.22,79.48,2010,5.0,18.0,2010,5.0,24.0,63170.0,Km2,0.0,0.0,50000.0,50000.0,27.0
Flood,Riverine flood,1.5,36.0,2010,5.0,8.0,2010,5.0,24.0,196100.0,Km2,0.0,0.0,70000.0,70000.0,100.0
Flood,Flash flood,30.51,66.95,2010,7.0,21.0,2010,7.0,23.0,14180.0,Km2,0.0,0.0,4000.0,4000.0,60.0
Flood,Riverine flood,21.51,41.92,2010,7.0,23.0,2010,7.0,25.0,346200.0,Km2,0.0,0.0,0.0,0.0,14.0
Flood,Riverine flood,11.385,14.63,2010,8.0,15.0,2010,9.0,17.0,38021.0,Km2,0.0,0.0,144579.0,144579.0,24.0
Flood,Riverine flood,-2.14,114.97,2010,7.0,23.0,2010,7.0,25.0,106460.0,Km2,0.0,0.0,15007.0,15000.0,21.0
Storm,Tropical cyclone,17.1,121.47,2010,7.0,12.0,2010,7.0,15.0,120.0,Kph,12480.0,8675.0,585474.0,585383.0,146.0
Flood,Riverine flood,18.7,36.7,2010,7.0,10.0,2010,7.0,15.0,100400.0,Km2,0.0,0.0,10000.0,0.0,33.0
Flood,Riverine flood,16.73,47.92,2010,7.0,10.0,2010,7.0,15.0,176300.0,Km2,0.0,0.0,0.0,0.0,15.0
Flood,Riverine flood,28.35,84.78,2010,7.0,25.0,2010,7.0,25.0,132600.0,Km2,0.0,0.0,0.0,0.0,12.0
Flood,Riverine flood,20.61,41.17,2010,7.0,10.0,2010,7.0,12.0,56000.0,Km2,0.0,0.0,85.0,85.0,10.0
Flood,Riverine flood,35.21,68.85,2010,7.0,27.0,2010,8.0,3.0,176799.0,Km2,0.0,0.0,5000.0,5000.0,65.0
Flood,Riverine flood,39.59,125.71,2010,7.0,27.0,2010,8.0,8.0,51190.0,Km2,0.0,0.0,17000.0,17000.0,0.0
Flood,Flash flood,33.53,76.12,2010,8.0,6.0,2010,8.0,8.0,145000.0,Km2,0.0,0.0,12725.0,12500.0,196.0
Flood,Riverine flood,13.6,14.0,2010,8.0,1.0,2010,8.0,11.0,619100.0,Km2,0.0,0.0,226611.0,226611.0,3.0
Flood,Riverine flood,40.365,124.97,2010,8.0,21.0,2010,8.0,21.0,305538.0,Km2,0.0,0.0,38785.0,38785.0,0.0
Flood,Riverine flood,26.235,92.25,2010,9.0,5.0,2010,9.0,17.0,12555.0,Km2,0.0,0.0,30000.0,30000.0,0.0
Flood,Riverine flood,-38.07,143.32,2010,9.0,1.0,2010,9.0,15.0,7093.0,Km2,0.0,0.0,10000.0,10000.0,0.0
Storm,Tropical cyclone,22.429,120.7,2010,9.0,18.0,2010,9.0,20.0,220.0,Kph,90774.0,63100.0,100.0,0.0,2.0
Flood,Riverine flood,26.73,82.84,2010,9.0,18.0,2010,9.0,30.0,38537.0,Km2,2416804.0,1680000.0,3267183.0,3267183.0,200.0
Flood,Riverine flood,25.965,76.05,2010,9.0,9.0,2010,9.0,9.0,10843.0,Km2,0.0,0.0,12500.0,12500.0,0.0
Storm,Tropical cyclone,18.19,-77.29,2010,9.0,29.0,2010,9.0,30.0,65.0,Kph,215786.0,150000.0,2506.0,2480.0,15.0
Flood,Riverine flood,12.78,4.5,2010,9.0,13.0,2010,9.0,30.0,8694.0,Km2,43157.0,30000.0,1500200.0,1500000.0,40.0
Flood,Riverine flood,16.245,-7.65,2010,9.0,19.0,2010,9.0,21.0,11046.0,Km2,0.0,0.0,8750.0,8750.0,0.0
Flood,Riverine flood,15.03,102.2,2010,10.0,10.0,2010,12.0,10.0,3873.0,Km2,477606.0,332000.0,8970653.0,8970653.0,258.0
Storm,Tropical cyclone,20.48,-75.88,2010,11.0,4.0,2010,11.0,5.0,130.0,Kph,0.0,0.0,5020.0,5020.0,21.0
Flood,Riverine flood,12.52,108.9,2010,10.0,29.0,2010,11.0,10.0,33659.0,Km2,154934.0,107700.0,39008.0,39000.0,31.0
Flood,Flash flood,-8.672,121.6,2010,11.0,2.0,2010,11.0,5.0,23685.0,Km2,0.0,0.0,200.0,200.0,16.0
Flood,Riverine flood,45.13,11.14,2010,11.0,8.0,2010,11.0,11.0,18725.0,Km2,0.0,0.0,300.0,300.0,0.0
Flood,Flash flood,7.275,80.3,2010,11.0,10.0,2010,12.0,11.0,11880.0,Km2,0.0,0.0,164193.0,164183.0,7.0
Flood,Riverine flood,17.71,121.8,2010,11.0,1.0,2010,11.0,10.0,15301.0,Km2,0.0,0.0,450673.0,450673.0,16.0
Flood,Riverine flood,15.1821,108.8,2010,11.0,12.0,2010,11.0,17.0,45583.59,Km2,368275.0,256000.0,10000.0,10000.0,50.0
Flood,Flash flood,50.78,-3.57,2010,11.0,16.0,2010,11.0,17.0,8727.0,Km2,0.0,0.0,400.0,400.0,0.0
Flood,Flash flood,9.77,-66.93,2010,11.0,25.0,2010,12.0,6.0,180760.0,Km2,41719.0,29000.0,75003.0,75000.0,32.0
Flood,Riverine flood,9.77,-66.93,2010,11.0,25.0,2010,12.0,6.0,180760.0,Km2,244558.0,170000.0,94800.0,94800.0,41.0
Flood,Riverine flood,-29.83,147.38,2010,11.0,27.0,2010,12.0,6.0,832001.0,Km2,0.0,0.0,1000.0,1000.0,0.0
Flood,Riverine flood,9.88,78.47,2010,11.0,15.0,2010,12.0,7.0,57474.0,Km2,31649.0,22000.0,0.0,0.0,203.0
Flood,Riverine flood,38.8497,-120.73,2010,12.0,19.0,2010,12.0,19.0,355567.0,Km2,0.0,0.0,1000.0,1000.0,0.0
Flood,Riverine flood,-24.77,147.63,2010,12.0,25.0,2011,2.0,4.0,911256.0,Km2,10501588.0,7300000.0,175000.0,175000.0,35.0
Flood,Flash flood,8.132,125.57,2010,12.0,24.0,2011,1.0,25.0,10773.0,Km2,68204.0,47411.0,1972446.0,1972433.0,110.0
Flood,Riverine flood,8.88,-78.59,2010,12.0,8.0,2010,12.0,17.0,23750.0,Km2,0.0,0.0,24610.0,24407.0,13.0
Flood,Riverine flood,24.21,91.03,2010,10.0,1.0,2010,10.0,12.0,29265.0,Km2,0.0,0.0,500000.0,500000.0,15.0
Flood,Riverine flood,-4.05208,104.67,2011,1.0,28.0,2011,1.0,31.0,62167.0,Km2,0.0,0.0,20000.0,20000.0,2.0
Flood,Riverine flood,9.40044,125.78,2011,1.0,25.0,2011,2.0,7.0,3623.0,Km2,17308.0,12411.0,638418.0,638254.0,23.0
Flood,Riverine flood,21.3521,39.94,2011,1.0,25.0,2011,1.0,31.0,30361.0,Km2,418365.0,300000.0,0.0,0.0,11.0
Flood,Riverine flood,-6.8436,108.26,2011,1.0,16.0,2011,1.0,20.0,10402.0,Km2,0.0,0.0,12000.0,12000.0,0.0
Flood,Riverine flood,7.603,81.25,2011,1.0,5.0,2011,1.0,18.0,22133.0,Km2,278910.0,200000.0,1060324.0,0.0,47.0
Flood,Riverine flood,-16.466,-65.6,2011,2.0,14.0,2011,4.0,11.0,122139.0,Km2,27891.0,20000.0,88825.0,88825.0,52.0
Flood,Riverine flood,35.0754,63.99,2011,2.0,10.0,2011,2.0,16.0,63337.0,Km2,0.0,0.0,3065.0,3000.0,25.0
Flood,Riverine flood,-29.5025,28.08,2011,2.0,1.0,2011,2.0,16.0,19634.0,Km2,0.0,0.0,5000.0,5000.0,26.0
Flood,Riverine flood,7.0,124.865,2011,2.0,1.0,2011,2.0,4.0,44521.0,Km2,0.0,0.0,2000.0,2000.0,11.0
Flood,Riverine flood,8.513,80.53,2011,2.0,1.0,2011,2.0,10.0,19891.0,Km2,418365.0,300000.0,225000.0,225000.0,18.0
Flood,Riverine flood,-18.939,122.73,2011,3.0,14.0,2011,3.0,18.0,114051.0,Km2,0.0,0.0,217.0,217.0,0.0
Flood,Riverine flood,-18.188,20.64,2011,3.0,1.0,2011,4.0,12.0,102874.0,Km2,16735.0,12000.0,500000.0,500000.0,108.0
Flood,Flash flood,8.666,99.28,2011,3.0,23.0,2011,4.0,5.0,33575.0,Km2,442072.0,317000.0,716110.0,716110.0,64.0
Flood,Riverine flood,-23.783,-48.16,2011,3.0,12.0,2011,3.0,18.0,12444.0,Km2,0.0,0.0,31000.0,31000.0,10.0
Flood,Riverine flood,8.104,125.091,2011,3.0,14.0,2011,3.0,18.0,25963.0,Km2,390.0,280.0,241777.0,241776.0,16.0
Flood,Riverine flood,4.211,97.09,2011,3.0,10.0,2011,3.0,11.0,41506.0,Km2,0.0,0.0,750.0,750.0,21.0
Flood,Riverine flood,-31.055,28.41,2011,1.0,1.0,2011,2.0,4.0,124636.0,Km2,294250.0,211000.0,200321.0,200000.0,40.0
Flood,Riverine flood,-28.28,-52.91,2011,4.0,21.0,2011,4.0,24.0,306993.0,Km2,0.0,0.0,31600.0,31600.0,12.0
Flood,Riverine flood,34.1,-90.83,2011,5.0,1.0,2011,5.0,24.0,239421.0,Km2,0.0,0.0,25000.0,25000.0,1.0
Flood,Riverine flood,51.448,53.67,2011,4.0,9.0,2011,4.0,15.0,213195.0,Km2,93435.0,67000.0,16000.0,12238.0,2.0
Flood,Riverine flood,43.05,20.87,2011,5.0,22.0,2011,5.0,29.0,5465.46,Km2,0.0,0.0,5000.0,5000.0,0.0
Flood,Riverine flood,8.306,125.21,2011,5.0,31.0,2011,6.0,19.0,71700.0,Km2,14874.0,10666.0,944781.0,944778.0,12.0
Flood,Riverine flood,27.0633,108.11,2011,7.0,11.0,2011,7.0,19.0,1341347.0,Km2,75487.0,54130.0,1600000.0,1600000.0,6.0
Flood,Riverine flood,-8.65047,-38.11,2011,7.0,15.0,2011,7.0,19.0,200669.0,Km2,0.0,0.0,78000.0,78000.0,15.0
Flood,Riverine flood,12.5947,8.64,2011,7.0,15.0,2011,7.0,19.0,103000.0,Km2,0.0,0.0,26965.0,26965.0,20.0
Flood,Riverine flood,28.9081,82.28,2011,7.0,2.0,2011,7.0,19.0,46388.0,Km2,0.0,0.0,0.0,0.0,15.0
Flood,Riverine flood,19.3801,101.56,2011,6.0,23.0,2011,6.0,29.0,36797.0,Km2,0.0,0.0,37000.0,37000.0,14.0
Flood,Flash flood,7.398,126.05,2011,6.0,28.0,2011,6.0,29.0,6361.0,Km2,350.0,251.0,121005.0,121005.0,31.0
Flood,Riverine flood,27.89,14.47,2011,6.0,1.0,2011,6.0,29.0,431896.0,Km2,8925119.0,6400000.0,67900000.0,67900000.0,467.0
Flood,Flash flood,22.564,89.05,2011,7.0,21.0,2011,7.0,29.0,19191.0,Km2,0.0,0.0,1570559.0,1570559.0,10.0
Flood,Riverine flood,7.8439,-0.45,2011,7.0,22.0,2011,7.0,29.0,55103.0,Km2,0.0,0.0,12571.0,12571.0,6.0
Flood,Riverine flood,17.038,102.82,2011,8.0,5.0,2012,1.0,4.0,96785.0,Km2,55781997.0,40000000.0,9500000.0,9500000.0,813.0
Flood,Riverine flood,22.306,88.34,2011,8.0,10.0,2011,9.0,13.0,28684.0,Km2,383501.0,275000.0,700000.0,700000.0,47.0
Flood,Riverine flood,8.7372,4.47,2011,8.0,26.0,2011,9.0,8.0,20013.0,Km2,0.0,0.0,3000.0,3000.0,120.0
Flood,Riverine flood,25.012,69.07,2011,8.0,12.0,2011,11.0,1.0,32667.0,Km2,3486375.0,2500000.0,5400755.0,5400000.0,509.0
Flood,Riverine flood,12.004,105.5,2011,8.0,10.0,2011,11.0,1.0,13466.0,Km2,726561.0,521000.0,1640023.0,1640000.0,247.0
Flood,Riverine flood,20.651,86.0,2011,9.0,23.0,2011,10.0,23.0,27751.0,Km2,1296931.0,930000.0,3443989.0,3443989.0,239.0
Flood,Riverine flood,1.664,33.67,2011,8.0,20.0,2011,9.0,8.0,37846.0,Km2,0.0,0.0,63075.0,63075.0,27.0
Flood,Riverine flood,4.64,-73.94,2011,9.0,1.0,2011,12.0,29.0,57194.0,Km2,1798969.0,1290000.0,498924.0,498820.0,135.0
Flood,Riverine flood,29.565,1.7,2011,10.0,1.0,2011,10.0,2.0,288785.0,Km2,1086354.0,779000.0,793.0,750.0,10.0
Flood,Riverine flood,5.5847,-0.95,2011,10.0,26.0,2011,10.0,29.0,9829.0,Km2,0.0,0.0,81473.0,81461.0,14.0
Flood,Riverine flood,14.951,4.555,2011,8.0,10.0,2011,9.0,8.0,74520.0,Km2,0.0,0.0,13000.0,13000.0,7.0
Flood,Riverine flood,37.417,109.53,2011,8.0,1.0,2011,9.0,8.0,1215862.0,Km2,0.0,0.0,3800000.0,3800000.0,22.0
Flood,Riverine flood,26.59,92.18,2011,8.0,15.0,2011,9.0,8.0,50117.0,Km2,0.0,0.0,11000.0,11000.0,7.0
Flood,Riverine flood,0.1257,35.57,2011,8.0,15.0,2011,9.0,8.0,20554.0,Km2,0.0,0.0,4000.0,4000.0,8.0
Flood,Riverine flood,26.376,86.24,2011,8.0,15.0,2011,10.0,2.0,40941.0,Km2,0.0,0.0,5549080.0,5549080.0,204.0
Flood,Riverine flood,35.806,-79.37,2011,8.0,6.0,2011,8.0,9.0,26044.0,Km2,0.0,0.0,100.0,100.0,2.0
Flood,Riverine flood,37.851,126.87,2011,7.0,27.0,2011,8.0,9.0,17840.0,Km2,72517.0,52000.0,29000.0,29000.0,53.0
Flood,Riverine flood,-30.34,-52.64,2011,7.0,23.0,2011,7.0,29.0,129795.0,Km2,0.0,0.0,3000.0,0.0,3.0
Flood,Riverine flood,28.524,80.93,2011,7.0,23.0,2011,8.0,9.0,85509.0,Km2,0.0,0.0,200000.0,200000.0,19.0
Flood,Flash flood,8.085,125.93,2011,11.0,9.0,2011,11.0,14.0,3076.0,Km2,249458.0,178881.0,8610.0,8610.0,0.0
Flood,Riverine flood,0.385,36.12,2011,11.0,29.0,2011,12.0,22.0,9789.0,Km2,0.0,0.0,91692.0,91692.0,25.0
Flood,Riverine flood,-6.284,15.46,2011,12.0,15.0,2012,1.0,9.0,45582.0,Km2,0.0,0.0,5500.0,5500.0,0.0
Flood,Riverine flood,-6.917,39.04,2011,12.0,20.0,2011,12.0,22.0,5900.0,Km2,0.0,0.0,50200.0,50000.0,20.0
Flood,Riverine flood,-4.39,137.83,2011,4.0,1.0,2011,4.0,10.0,17351.0,Km2,0.0,0.0,3000.0,3000.0,18.0
Flood,Riverine flood,-7.379,110.24,2011,12.0,18.0,2011,12.0,22.0,2457.47,Km2,0.0,0.0,54.0,54.0,10.0
Flood,Riverine flood,-6.647,37.56,2011,4.0,9.0,2011,5.0,19.0,137262.0,Km2,0.0,0.0,9000.0,9000.0,8.0
Flood,Flash flood,7.677,-64.77,2011,4.0,15.0,2011,4.0,25.0,37648.0,Km2,0.0,0.0,0.0,0.0,9.0
Flood,Riverine flood,-21.71,146.64,2012,1.0,22.0,2012,3.0,7.0,761154.0,Km2,307412.0,225000.0,13000.0,13000.0,2.0
Flood,Riverine flood,42.555,24.26,2012,2.0,5.0,2012,2.0,9.0,47136.84,Km2,6012.0,4400.0,37950.0,37950.0,5.0
Flood,Riverine flood,46.5994,-67.5,2012,3.0,25.0,2012,3.0,30.0,544053.0,Km2,46453.0,34000.0,1500.0,1500.0,0.0
Flood,Riverine flood,-52.8256,-69.41,2012,3.0,1.0,2012,3.0,15.0,88870.6,Km2,4235.0,3100.0,4300.0,4300.0,0.0
Flood,Riverine flood,-0.5987,-79.5,2012,1.0,1.0,2012,3.0,26.0,39793.0,Km2,0.0,0.0,71860.0,71790.0,29.0
Flood,Riverine flood,-1.83097,34.79,2012,3.0,1.0,2012,3.0,7.0,6851.66,Km2,0.0,0.0,0.0,0.0,10.0
Flood,Riverine flood,-10.4897,-67.99,2012,2.0,20.0,2012,3.0,26.0,172063.0,Km2,0.0,0.0,89000.0,80500.0,3.0
Flood,Riverine flood,8.22392,125.27,2012,2.0,20.0,2012,2.0,27.0,39825.28,Km2,0.0,0.0,25000.0,25000.0,0.0
Flood,Flash flood,39.8677,21.01,2012,2.0,5.0,2012,2.0,7.0,9251.0,Km2,0.0,0.0,200.0,200.0,2.0
Flood,Riverine flood,19.4433,-72.58,2012,4.0,8.0,2012,4.0,26.0,35151.93,Km2,0.0,0.0,11000.0,11000.0,9.0
Flood,Riverine flood,-1.40095,29.36,2012,4.0,9.0,2012,4.0,18.0,43617.54,Km2,0.0,0.0,11160.0,11160.0,5.0
Flood,Riverine flood,32.452,106.493,2012,5.0,8.0,2012,5.0,16.0,105607.0,Km2,432199.0,316333.0,185000.0,185000.0,53.0
Flood,Riverine flood,34.2696,64.19,2012,5.0,18.0,2012,5.0,18.0,21754.0,Km2,0.0,0.0,27769.0,27469.0,74.0
Flood,Flash flood,42.0681,44.52,2012,5.0,12.0,2012,5.0,16.0,15849.0,Km2,4099.0,3000.0,100018.0,100000.0,5.0
Flood,Riverine flood,-0.191962,35.19,2012,4.0,20.0,2012,5.0,16.0,12660.17,Km2,136628.0,100000.0,280670.0,280670.0,73.0
Flood,Flash flood,6.873,124.78,2012,6.0,9.0,2012,6.0,12.0,23515.69,Km2,0.0,0.0,700.0,700.0,1.0
Flood,Riverine flood,33.4553,106.94,2012,6.0,22.0,2012,7.0,2.0,2643786.0,Km2,1639533.0,1200000.0,17440000.0,17440000.0,91.0
Flood,Riverine flood,22.172,92.1,2012,6.0,24.0,2012,7.0,2.0,9560.0,Km2,0.0,0.0,5148475.0,5148475.0,139.0
Flood,Riverine flood,30.3632,-58.51,2012,6.0,9.0,2012,6.0,12.0,20116.0,Km2,237732.0,174000.0,300.0,300.0,2.0
Flood,Riverine flood,24.0587,120.94,2012,6.0,9.0,2012,6.0,12.0,18940.0,Km2,23090.0,16900.0,35000.0,35000.0,6.0
Flood,Riverine flood,26.566,92.44,2012,6.0,26.0,2012,7.0,13.0,254935.0,Km2,0.0,0.0,2200000.0,2200000.0,120.0
Flood,Riverine flood,37.0528,70.0,2012,5.0,12.0,2012,5.0,16.0,14162.0,Km2,0.0,0.0,0.0,0.0,20.0
Flood,Riverine flood,28.524,83.83,2012,5.0,5.0,2012,5.0,7.0,4395.0,Km2,1366.0,1000.0,5.0,0.0,72.0
Flood,Riverine flood,3.606,-73.07,2012,4.0,20.0,2012,4.0,26.0,74036.0,Km2,54651.0,40000.0,56000.0,56000.0,17.0
Flood,Riverine flood,20.5946,51.01,2012,4.0,14.0,2012,4.0,18.0,233126.0,Km2,0.0,0.0,0.0,0.0,19.0
Flood,Riverine flood,14.46,-15.49,2012,8.0,15.0,2012,8.0,31.0,79242.0,Km2,13663.0,10000.0,57000.0,57000.0,19.0
Flood,Riverine flood,16.5919,97.85,2012,7.0,15.0,2012,8.0,29.0,219814.0,Km2,0.0,0.0,85000.0,85000.0,2.0
Flood,Riverine flood,30.1135,78.85,2012,8.0,4.0,2012,8.0,9.0,31390.0,Km2,150290.0,110000.0,1200.0,1200.0,30.0
Flood,Riverine flood,38.19,126.24,2012,9.0,2.0,2012,9.0,11.0,24179.0,Km2,40988.0,30000.0,17540.0,0.0,34.0
Flood,Riverine flood,31.3,76.85,2012,9.0,16.0,2012,9.0,18.0,37710.0,Km2,27326.0,20000.0,200.0,200.0,45.0
Flood,Riverine flood,17.09,99.64,2012,8.0,15.0,2012,9.0,30.0,44011.0,Km2,0.0,0.0,235545.0,235545.0,0.0
Flood,Riverine flood,2.65,32.72,2012,8.0,20.0,2012,9.0,7.0,57981.0,Km2,0.0,0.0,15000.0,15000.0,0.0
Flood,Riverine flood,26.8,93.63,2012,9.0,19.0,2012,9.0,23.0,42597.0,Km2,133895.0,98000.0,2000000.0,2000000.0,21.0
Flood,Riverine flood,42.33,47.59,2012,10.0,9.0,2012,10.0,15.0,10482.0,Km2,0.0,0.0,1120.0,1120.0,7.0
Flood,Riverine flood,54.04,-2.13,2012,9.0,23.0,2012,9.0,27.0,8507.0,Km2,110668.0,81000.0,1710.0,1710.0,3.0
Flood,Riverine flood,-32.93,26.56,2012,10.0,24.0,2012,10.0,29.0,14489.0,Km2,273255.0,200000.0,125000.0,125000.0,13.0
Flood,Riverine flood,36.53,54.26,2012,10.0,12.0,2012,10.0,15.0,11490.0,Km2,0.0,0.0,1000.0,1000.0,7.0
Flood,Riverine flood,4.94,44.89,2012,11.0,21.0,2012,11.0,21.0,12753.0,Km2,0.0,0.0,12200.0,12200.0,6.0
Flood,Riverine flood,9.56,29.58,2012,9.0,7.0,2012,10.0,3.0,138743.0,Km2,0.0,0.0,3000.0,3000.0,15.0
Flood,Riverine flood,35.03,73.52,2012,8.0,23.0,2012,8.0,29.0,98264.0,Km2,0.0,0.0,1200.0,1200.0,26.0
Flood,Riverine flood,9.69,30.21,2012,8.0,1.0,2012,8.0,29.0,456058.0,Km2,0.0,0.0,154000.0,154000.0,32.0
Flood,Riverine flood,31.41,113.04,2012,7.0,9.0,2012,7.0,25.0,92141.0,Km2,819766.0,600000.0,140000.0,140000.0,58.0
Flood,Riverine flood,7.976,80.77,2012,12.0,17.0,2012,12.0,19.0,49084.0,Km2,1640.0,1200.0,447021.0,447000.0,53.0
Flood,Riverine flood,-27.5,-59.63,2012,11.0,20.0,2012,12.0,4.0,377212.0,Km2,0.0,0.0,10000.0,10000.0,6.0
Flood,Riverine flood,-6.17945,106.73,2013,1.0,17.0,2013,1.0,31.0,1746.0,Km2,4039657.0,3000000.0,248846.0,248846.0,34.0
Flood,Riverine flood,-0.86702,121.88,2013,1.0,3.0,2013,1.0,10.0,67600.0,Km2,0.0,0.0,1000.0,1000.0,8.0
Flood,Riverine flood,7.59777,80.92,2013,1.0,8.0,2013,1.0,16.0,26063.0,Km2,0.0,0.0,56747.0,56747.0,52.0
Flood,Riverine flood,32.83,36.45,2013,1.0,8.0,2013,1.0,10.0,29142.0,Km2,0.0,0.0,12500.0,12500.0,5.0
Flood,Riverine flood,-20.3461,-69.09,2013,1.0,1.0,2013,2.0,20.0,577782.56,Km2,0.0,0.0,180766.0,180734.0,67.0
Flood,Riverine flood,42.0408,21.58,2013,2.0,24.0,2013,3.0,4.0,20.0,Km2,0.0,0.0,4864.0,4864.0,1.0
Flood,Riverine flood,1.0256,124.51,2013,2.0,15.0,2013,2.0,22.0,28873.67,Km2,2693.0,2000.0,58040.0,58040.0,17.0
Flood,Flash flood,-20.2305,57.52,2013,3.0,30.0,2013,4.0,3.0,1679.67,Km2,2693.0,2000.0,82.0,0.0,11.0
Flood,Riverine flood,-34.4809,-58.68,2013,4.0,1.0,2013,4.0,7.0,18135.4,Km2,1750518.0,1300000.0,350000.0,350000.0,52.0
Flood,Riverine flood,2.46174,36.72,2013,3.0,10.0,2013,4.0,30.0,73170.41,Km2,48476.0,36000.0,100020.0,100000.0,96.0
Flood,Riverine flood,36.9291,68.85,2013,4.0,25.0,2013,4.0,29.0,14653.47,Km2,0.0,0.0,9500.0,9500.0,20.0
Flood,Riverine flood,51.24,-109.64,2013,6.0,20.0,2013,6.0,27.0,307926.0,Km2,7675348.0,5700000.0,100000.0,100000.0,4.0
Flood,Riverine flood,32.714,76.61,2013,6.0,12.0,2013,6.0,27.0,131743.41,Km2,1481208.0,1100000.0,504473.0,500000.0,6054.0
Flood,Riverine flood,23.6387,114.46,2013,5.0,12.0,2013,5.0,28.0,84761.74,Km2,890071.0,661000.0,300000.0,300000.0,55.0
Flood,Riverine flood,-24.146,-57.65,2013,6.0,20.0,2013,7.0,18.0,131222.52,Km2,0.0,0.0,61400.0,61400.0,0.0
Flood,Riverine flood,39.6151,126.32,2013,7.0,12.0,2013,7.0,23.0,21695.38,Km2,0.0,0.0,848690.0,800000.0,51.0
Flood,Riverine flood,30.4563,104.02,2013,7.0,7.0,2013,7.0,17.0,419827.15,Km2,6223226.0,4621600.0,3500000.0,3500000.0,233.0
Flood,Riverine flood,18.3122,98.16,2013,7.0,25.0,2013,8.0,7.0,125250.85,Km2,0.0,0.0,73300.0,73300.0,7.0
Flood,Riverine flood,35.9161,100.18,2013,8.0,18.0,2013,8.0,21.0,93531.74,Km2,615374.0,457000.0,255000.0,255000.0,43.0
Flood,Riverine flood,16.3191,121.14,2013,8.0,13.0,2013,8.0,21.0,50412.4,Km2,2948950.0,2190000.0,3096422.0,3096392.0,31.0
Flood,Riverine flood,28.7404,69.11,2013,8.0,7.0,2013,8.0,21.0,462763.09,Km2,2019829.0,1500000.0,1497725.0,1496870.0,234.0
Flood,Riverine flood,38.2138,-94.15,2013,8.0,5.0,2013,8.0,12.0,123143.44,Km2,33664.0,25000.0,6000.0,6000.0,3.0
Flood,Riverine flood,50.0043,128.42,2013,8.0,1.0,2013,8.0,7.0,102479.27,Km2,1346552.0,1000000.0,34135.0,34135.0,0.0
Flood,Riverine flood,13.6883,28.99,2013,8.0,1.0,2013,8.0,21.0,645399.78,Km2,9426.0,7000.0,500133.0,500000.0,76.0
Flood,Riverine flood,1.66076,35.21,2013,8.0,5.0,2013,8.0,7.0,9047.26,Km2,0.0,0.0,5000.0,5000.0,0.0
Flood,Flood (General),27.387,94.92,2013,6.0,23.0,2013,7.0,15.0,38019.26,Km2,0.0,0.0,2000000.0,2000000.0,80.0
Flood,Riverine flood,61.2832,10.478,2013,5.0,22.0,2013,5.0,28.0,28071.86,Km2,0.0,0.0,500.0,500.0,0.0
Flood,Riverine flood,28.899,-98.89,2013,5.0,25.0,2013,5.0,28.0,33907.85,Km2,2693.0,2000.0,300.0,300.0,3.0
Flood,Riverine flood,2.16964,43.66,2013,5.0,1.0,2013,5.0,16.0,243476.26,Km2,0.0,0.0,50000.0,50000.0,7.0
Flood,Riverine flood,38.8278,-88.64,2013,4.0,22.0,2013,4.0,29.0,493136.77,Km2,437630.0,325000.0,300.0,300.0,5.0
Flood,Riverine flood,42.0043,19.62,2013,3.0,14.0,2013,4.0,4.0,72.0,Km2,0.0,0.0,2800.0,2800.0,0.0
Flood,Riverine flood,44.3289,39.25,2013,2.0,20.0,2013,3.0,4.0,2432.33,Km2,0.0,0.0,1500.0,1500.0,4.0
Flood,Riverine flood,0.058024,36.52,2013,1.0,13.0,2013,1.0,17.0,71113.05,Km2,0.0,0.0,10780.0,10780.0,18.0
Flood,Riverine flood,45.749,27.553,2013,9.0,12.0,2013,9.0,16.0,7171.0,Km2,14812.0,11000.0,6901.0,6901.0,9.0
Flood,Riverine flood,38.002,-105.143,2013,9.0,12.0,2013,9.0,19.0,100404.0,Km2,2558449.0,1900000.0,21900.0,16500.0,9.0
Flood,Riverine flood,12.658,105.084,2013,9.0,24.0,2013,10.0,14.0,52283.0,Km2,673276.0,500000.0,1500000.0,1500000.0,200.0
Flood,Riverine flood,2.954,99.677,2013,10.0,7.0,2013,10.0,14.0,31023.66,Km2,0.0,0.0,16000.0,16000.0,0.0
Flood,Riverine flood,13.082,101.694,2013,9.0,30.0,2013,10.0,14.0,312091.0,Km2,649038.0,482000.0,3500000.0,3500000.0,61.0
Flood,Riverine flood,15.58,107.7,2013,11.0,14.0,2013,11.0,20.0,48985.0,Km2,96952.0,72000.0,2130001.0,2127865.0,47.0
Flood,Riverine flood,30.66,-96.01,2013,10.0,31.0,2013,11.0,10.0,38936.0,Km2,0.0,0.0,4800.0,4800.0,4.0
Flood,Riverine flood,22.9043,-81.4,2013,12.0,1.0,2013,12.0,8.0,7627.3,Km2,0.0,0.0,227.0,227.0,2.0
Flood,Riverine flood,13.9188,-60.99,2013,12.0,23.0,2013,12.0,25.0,830.23,Km2,145428.0,108000.0,17422.0,16885.0,12.0
Flood,Riverine flood,7.2182,100.39,2013,11.0,20.0,2013,12.0,8.0,38676.0,Km2,0.0,0.0,15254.0,0.0,23.0
Flood,Riverine flood,15.0103,13.2,2013,11.0,3.0,2013,12.0,8.0,65791.14,Km2,0.0,0.0,15086.0,15086.0,0.0
Flood,Riverine flood,3.58444,102.36,2013,12.0,1.0,2013,12.0,8.0,106697.53,Km2,2693.0,2000.0,75000.0,75000.0,4.0
Flood,Riverine flood,4.48013,97.29,2013,12.0,28.0,2013,12.0,30.0,22524.63,Km2,2693.0,2000.0,22500.0,22500.0,0.0
Flood,Riverine flood,37.5597,-86.79,2013,12.0,22.0,2013,12.0,31.0,16069.91,Km2,0.0,0.0,0.0,0.0,5.0
Flood,Riverine flood,-6.6324,107.71,2014,1.0,8.0,2014,2.0,7.0,35769.22,Km2,795034.0,600000.0,20000.0,20000.0,32.0
Flood,Flash flood,-4.14041,29.65,2014,2.0,19.0,2014,3.0,10.0,3237.42,Km2,2650.0,2000.0,12682.0,0.0,96.0
Flood,Flash flood,-9.678,160.34,2014,4.0,1.0,2014,4.0,8.0,5480.75,Km2,31801.0,24000.0,52000.0,52000.0,47.0
Flood,Coastal flood,7.30951,168.73,2014,3.0,3.0,2014,3.0,10.0,34.84,Km2,0.0,0.0,360.0,360.0,0.0
Flood,Riverine flood,-21.5153,25.61,2014,3.0,1.0,2014,3.0,18.0,1037639.2,Km2,112630.0,85000.0,7185.0,7185.0,32.0
Flood,Riverine flood,7.19301,38.97,2014,4.0,18.0,2014,5.0,1.0,18498.39,Km2,0.0,0.0,20000.0,20000.0,28.0
Flood,Flash flood,48.4049,65.59,2014,3.0,23.0,2014,4.0,15.0,213897.0,Km2,0.0,0.0,2709.0,2700.0,5.0
Flood,Riverine flood,44.0617,24.49,2014,4.0,19.0,2014,5.0,7.0,100.0,Km2,0.0,0.0,525.0,525.0,0.0
Flood,Riverine flood,44.0617,24.49,2014,4.0,19.0,2014,4.0,24.0,138.0,Km2,0.0,0.0,3000.0,3000.0,0.0
Flood,Flash flood,35.834,66.43,2014,4.0,24.0,2014,5.0,2.0,83722.34,Km2,0.0,0.0,140100.0,140000.0,431.0
Flood,Riverine flood,-38.3652,-70.3,2014,4.0,1.0,2014,4.0,8.0,69876.78,Km2,0.0,0.0,2000.0,2000.0,0.0
Flood,Riverine flood,-25.2205,-57.58,2014,2.0,25.0,2014,3.0,10.0,6829.57,Km2,0.0,0.0,2000.0,2000.0,0.0
Flood,Riverine flood,-18.795,35.36,2015,1.0,1.0,2015,1.0,21.0,485939.4,Km2,516160.0,390000.0,638645.0,638000.0,278.0
Flood,Flood (General),-8.81664,13.68,2015,3.0,9.0,2015,3.0,23.0,102552.79,Km2,0.0,0.0,2000.0,2000.0,1.0
Flood,Flash flood,-12.1145,13.88,2015,3.0,9.0,2015,3.0,23.0,12133.31,Km2,0.0,0.0,1000.0,1000.0,69.0
Flood,Flash flood,-22.3617,-68.89,2015,3.0,25.0,2015,4.0,8.0,154773.2,Km2,1985230.0,1500000.0,193881.0,164140.0,178.0
Flood,Flash flood,33.1767,76.41,2015,3.0,20.0,2015,3.0,31.0,70287.98,Km2,100585.0,76000.0,2122.0,0.0,44.0
Flood,Riverine flood,18.695,-72.19,2015,4.0,4.0,2015,4.0,6.0,3672.0,Km2,0.0,0.0,45000.0,45000.0,6.0
Flood,Riverine flood,-6.55868,108.4,2015,3.0,15.0,2015,3.0,23.0,7001.53,Km2,0.0,0.0,8000.0,8000.0,0.0
Flood,Flash flood,33.5131,71.89,2015,4.0,26.0,2015,4.0,28.0,21148.0,Km2,1323.0,1000.0,5067.0,4800.0,49.0
Flood,Riverine flood,-0.795,36.25,2015,4.0,27.0,2015,5.0,2.0,20432.0,Km2,0.0,0.0,3000.0,3000.0,13.0
Flood,Riverine flood,37.8142,73.26,2015,5.0,11.0,2015,5.0,13.0,32595.0,Km2,0.0,0.0,5401.0,5401.0,0.0
Flood,Flood (General),46.8147,22.86,2015,5.0,25.0,2015,6.0,2.0,197785.0,Km2,0.0,0.0,2000.0,2000.0,1.0
Flood,Flood (General),-44.1033,-72.92,2015,5.0,17.0,2015,5.0,21.0,224189.0,Km2,0.0,0.0,116.0,100.0,0.0
Flood,Flood (General),-5.06017,36.89,2015,5.0,7.0,2015,5.0,21.0,194128.0,Km2,0.0,0.0,5000.0,0.0,12.0
Flood,Flood (General),-41.092,175.35,2015,5.0,13.0,2015,5.0,21.0,7484.0,Km2,132349.0,100000.0,100.0,100.0,1.0
Flood,Flash flood,10.7121,79.18,2015,5.0,17.0,2015,5.0,21.0,14179.0,Km2,0.0,0.0,200.0,200.0,8.0
Flood,Flood (General),-6.97805,-67.8,2015,4.0,1.0,2015,5.0,2.0,450353.0,Km2,0.0,0.0,1000.0,1000.0,5.0
Flood,Flash flood,34.1936,-97.99,2015,5.0,23.0,2015,5.0,30.0,849464.6,Km2,3573415.0,2700000.0,12000.0,12000.0,32.0
Flood,Flood (General),7.38005,-0.55,2015,6.0,2.0,2015,6.0,15.0,266950.1,Km2,15882.0,12000.0,5000.0,0.0,25.0
Flood,Flash flood,42.0683,44.54,2015,6.0,7.0,2015,6.0,15.0,13022.99,Km2,30440.0,23000.0,10320.0,10320.0,40.0
Flood,Riverine flood,10.1743,-83.83,2015,6.0,27.0,2015,7.0,9.0,16754.38,Km2,0.0,0.0,9666.0,9666.0,0.0
Flood,Riverine flood,21.8734,70.76,2015,6.0,19.0,2015,6.0,20.0,43781.56,Km2,799386.0,604000.0,9000.0,9000.0,81.0
Flood,Riverine flood,-39.8648,175.23,2015,6.0,22.0,2015,6.0,29.0,8948.6,Km2,226316.0,171000.0,400.0,400.0,0.0
Flood,Flash flood,33.6304,54.04,2015,7.0,14.0,2015,7.0,21.0,776608.03,Km2,0.0,0.0,4030.0,4000.0,23.0
Flood,Flood (General),15.5509,120.8,2015,7.0,12.0,2015,7.0,21.0,16151.08,Km2,0.0,0.0,3000.0,3000.0,4.0
Flood,Flood (General),-25.5689,-50.75,2015,7.0,10.0,2015,7.0,21.0,115.0,Km2,0.0,0.0,283140.0,283140.0,3.0
Flood,Riverine flood,38.0626,73.11,2015,7.0,15.0,2015,7.0,21.0,56196.01,Km2,0.0,0.0,5401.0,5401.0,0.0
Flood,Flood (General),3.94741,9.88,2015,6.0,22.0,2015,6.0,29.0,4726.19,Km2,0.0,0.0,30000.0,30000.0,4.0
Flood,Flood (General),35.0129,72.84,2015,6.0,25.0,2015,6.0,29.0,73485.14,Km2,0.0,0.0,0.0,0.0,10.0
Flood,Flood (General),34.3432,72.27,2015,7.0,15.0,2015,8.0,19.0,137040.0,Km2,0.0,0.0,1572423.0,1572191.0,238.0
Flood,Flash flood,20.8137,106.86,2015,7.0,25.0,2015,8.0,5.0,24336.74,Km2,269991.0,204000.0,15000.0,15000.0,32.0
Flood,Riverine flood,20.175,95.53,2015,7.0,15.0,2015,8.0,19.0,26424.0,Km2,157495.0,119000.0,1621703.0,1621703.0,149.0
Flood,Riverine flood,-25.451,-59.27,2015,7.0,25.0,2015,8.0,5.0,28652.69,Km2,0.0,0.0,3700.0,3700.0,0.0
Flood,Coastal flood,6.66576,-58.74,2015,7.0,15.0,2015,7.0,21.0,30931.23,Km2,0.0,0.0,199000.0,199000.0,0.0
Flood,Riverine flood,26.2074,82.62,2015,7.0,15.0,2015,8.0,19.0,629961.6,Km2,0.0,0.0,13709887.0,13709887.0,293.0
Flood,Riverine flood,-35.1086,-59.81,2015,8.0,5.0,2015,8.0,12.0,133853.0,Km2,0.0,0.0,50000.0,50000.0,3.0
Flood,Riverine flood,-32.6329,-55.7,2015,8.0,17.0,2015,8.0,19.0,63707.6,Km2,0.0,0.0,2326.0,2326.0,0.0
Flood,Flood (General),26.8946,93.75,2015,8.0,13.0,2015,8.0,19.0,69190.14,Km2,0.0,0.0,18000.0,18000.0,5.0
Flood,Riverine flood,19.4811,-103.43,2015,3.0,13.0,2015,3.0,23.0,60978.86,Km2,0.0,0.0,3000.0,3000.0,0.0
Flood,Riverine flood,9.953,11.528,2015,9.0,5.0,2015,9.0,24.0,186816.02,Km2,33087.0,25000.0,100420.0,100420.0,53.0
Flood,Flash flood,43.377,6.53,2015,10.0,3.0,2015,10.0,4.0,2895.95,Km2,1222902.0,924000.0,0.0,0.0,20.0
Flood,Flood (General),20.567,104.762,2015,9.0,7.0,2015,9.0,11.0,192886.73,Km2,0.0,0.0,100.0,100.0,2.0
Storm,Tropical cyclone,16.691,121.24,2015,10.0,14.0,2015,10.0,20.0,210.0,Kph,279236.0,210985.0,2898590.0,2898507.0,51.0
Storm,Tropical cyclone,28.381,-101.772,2015,10.0,22.0,2015,10.0,28.0,270.0,Kph,1089230.0,823000.0,15000.0,15000.0,14.0
Flood,Flood (General),-29.957,-53.572,2015,10.0,14.0,2015,10.0,28.0,392899.19,Km2,0.0,0.0,10000.0,10000.0,0.0
Flood,Flood (General),11.828,78.855,2015,11.0,8.0,2015,12.0,4.0,93202.05,Km2,2911671.0,2200000.0,1801000.0,1800000.0,325.0
Flood,Riverine flood,-2.036,39.513,2015,12.0,1.0,2016,1.0,6.0,103769.52,Km2,0.0,0.0,240799.0,240726.0,112.0
Flood,Flood (General),-4.762,35.505,2016,1.0,17.0,2016,1.0,18.0,182022.09,Km2,0.0,0.0,58896.0,58896.0,3.0
Flood,Flash flood,-0.786,-79.701,2016,1.0,1.0,2016,1.0,25.0,69541.98,Km2,13070.0,10000.0,10000.0,10000.0,9.0
Flood,Flood (General),-17.956,-56.442,2016,1.0,9.0,2016,1.0,15.0,110514.83,Km2,130700.0,100000.0,50500.0,50500.0,3.0
Flood,Flood (General),-2.465,103.352,2016,2.0,7.0,2016,2.0,12.0,235818.78,Km2,2614.0,2000.0,80313.0,80313.0,8.0
Flood,Flash flood,24.704,113.991,2016,3.0,19.0,2016,3.0,22.0,383223.81,Km2,222190.0,170000.0,219300.0,216000.0,5.0
Flood,Flash flood,-42.169,172.21,2016,3.0,23.0,2016,3.0,24.0,39333.76,Km2,32675.0,25000.0,300.0,300.0,0.0
Flood,Flash flood,9.268,41.691,2016,4.0,2.0,2016,4.0,7.0,2440002.48,Km2,0.0,0.0,3080.0,2000.0,28.0
Flood,Flash flood,33.054,71.779,2016,4.0,2.0,2016,4.0,8.0,111748.39,Km2,0.0,0.0,77.0,0.0,92.0
Flood,Flood (General),-32.435,-56.195,2016,4.0,12.0,2016,5.0,11.0,126653.11,Km2,3921.0,3000.0,10605.0,10355.0,8.0
Flood,Flood (General),61.967,59.803,2016,4.0,16.0,2016,4.0,22.0,1834048.3,Km2,2614.0,2000.0,3200.0,3200.0,0.0
Flood,Flash flood,-8.321,13.978,2016,4.0,16.0,2016,4.0,22.0,59745.82,Km2,0.0,0.0,5600.0,3200.0,23.0
Flood,Flood (General),27.464,95.607,2016,4.0,22.0,2016,4.0,25.0,70517.68,Km2,196050.0,150000.0,100000.0,100000.0,18.0
Flood,Flood (General),6.414,-1.165,2016,6.0,10.0,2016,6.0,14.0,47506.4,Km2,0.0,0.0,0.0,0.0,10.0
Flood,Flood (General),32.603,130.99,2016,6.0,20.0,2016,6.0,23.0,18480.56,Km2,0.0,0.0,6000.0,6000.0,7.0
Flood,Flood (General),18.316,95.26,2016,6.0,1.0,2016,6.0,24.0,93839.67,Km2,0.0,0.0,377667.0,377667.0,14.0
Flood,Flood (General),24.753,112.952,2016,6.0,18.0,2016,6.0,23.0,197079.53,Km2,3920994.0,3000000.0,165000.0,165000.0,68.0
Flood,Flash flood,27.068,93.95,2016,6.0,25.0,2016,7.0,1.0,135742.3,Km2,130700.0,100000.0,0.0,0.0,61.0
Flood,Flash flood,36.104,72.793,2016,7.0,3.0,2016,7.0,6.0,31431.28,Km2,0.0,0.0,410.0,235.0,46.0
Flood,Flood (General),27.976,114.24,2016,6.0,28.0,2016,7.0,13.0,720844.3,Km2,28753954.0,22000000.0,60000000.0,60000000.0,289.0
Flood,Flood (General),58.292,-123.249,2016,6.0,14.0,2016,6.0,21.0,176099.51,Km2,0.0,0.0,300.0,300.0,0.0
Flood,Flood (General),-6.894,36.0,2016,4.0,22.0,2016,4.0,24.0,84214.63,Km2,0.0,0.0,27933.0,14000.0,13.0
Flood,Flood (General),-12.843,-64.93,2016,2.0,28.0,2016,3.0,3.0,190581.43,Km2,0.0,0.0,120.0,120.0,0.0
Flood,Flood (General),-11.594,16.056,2016,3.0,1.0,2016,3.0,10.0,277015.44,Km2,0.0,0.0,1544.0,1544.0,30.0
Flood,Flood (General),-12.351,39.464,2016,1.0,5.0,2016,1.0,29.0,80571.64,Km2,0.0,0.0,6600.0,6600.0,16.0
Flood,Riverine flood,24.095,90.04,2016,7.0,19.0,2016,8.0,2.0,45667.11,Km2,196050.0,150000.0,1900000.0,1900000.0,106.0
Flood,Flood (General),29.988,-91.8,2016,8.0,9.0,2016,8.0,16.0,19554.02,Km2,13069979.0,10000000.0,70000.0,70000.0,13.0
Flood,Flood (General),17.071,-93.805,2016,9.0,14.0,2016,9.0,22.0,127233.91,Km2,0.0,0.0,6000.0,6000.0,13.0
Flood,Flash flood,23.672,-104.964,2016,9.0,29.0,2016,10.0,5.0,22329.12,Km2,32675.0,25000.0,3000.0,3000.0,5.0
Flood,Flash flood,37.418,22.292,2016,9.0,6.0,2016,9.0,7.0,20422.01,Km2,73192.0,56000.0,200.0,200.0,4.0
Flood,Flood (General),-7.042,108.238,2016,9.0,20.0,2016,9.0,22.0,32276.01,Km2,28754.0,22000.0,8920.0,0.0,53.0
Flood,Flood (General),14.867,100.395,2016,10.0,6.0,2016,10.0,16.0,17187.43,Km2,156840.0,120000.0,204000.0,204000.0,4.0
Flood,Flood (General),17.654,80.34,2016,9.0,21.0,2016,9.0,29.0,137435.4,Km2,769822.0,589000.0,3000.0,3000.0,28.0
Flood,Riverine flood,16.004,107.68,2016,10.0,9.0,2016,10.0,16.0,63641.54,Km2,136294.0,104280.0,659615.0,659390.0,35.0
Flood,Riverine flood,19.739,-72.587,2016,11.0,5.0,2016,11.0,10.0,4534.1,Km2,0.0,0.0,2782.0,0.0,13.0
Flood,Flood (General),42.254,19.446,2016,11.0,7.0,2016,11.0,10.0,55.0,Km2,0.0,0.0,4800.0,4800.0,2.0
Flood,Flash flood,23.273,-99.793,2016,11.0,3.0,2016,11.0,10.0,322162.36,Km2,0.0,0.0,35000.0,35000.0,2.0
Flood,Flood (General),0.649,123.245,2016,10.0,23.0,2016,11.0,10.0,11225.49,Km2,0.0,0.0,4500.0,4500.0,2.0
Flood,Flood (General),47.256,31.348,2016,10.0,12.0,2016,10.0,16.0,19889.49,Km2,0.0,0.0,200.0,200.0,3.0
Flood,Flood (General),-33.277,139.898,2016,9.0,10.0,2016,9.0,22.0,634200.41,Km2,32675.0,25000.0,280.0,280.0,1.0
Flood,Flood (General),14.445,100.753,2016,12.0,1.0,2016,12.0,10.0,67395.39,Km2,32675.0,25000.0,582343.0,582343.0,14.0
Flood,Flood (General),5.122,102.56,2016,11.0,28.0,2016,12.0,7.0,20485.81,Km2,0.0,0.0,400.0,400.0,0.0
Flood,Flood (General),4.7,102.411,2016,12.0,26.0,2017,1.0,23.0,43580.48,Km2,172524.0,132000.0,25000.0,25000.0,0.0
Flood,Riverine flood,7.305,100.061,2017,1.0,1.0,2017,1.0,31.0,50020.11,Km2,1279738.0,1000000.0,1800000.0,1800000.0,96.0
Flood,Flood (General),-5.251,-77.573,2017,2.0,1.0,2017,2.0,7.0,288499.13,Km2,0.0,0.0,12000.0,12000.0,1.0
Flood,Flood (General),-7.029,107.162,2017,2.0,21.0,2017,2.0,21.0,40253.83,Km2,0.0,0.0,400.0,400.0,2.0
Flood,Flood (General),-11.004,-75.148,2017,3.0,15.0,2017,3.0,19.0,810942.34,Km2,3967187.0,3100000.0,1800505.0,1800000.0,184.0
Flood,Flash flood,37.704,46.169,2017,4.0,15.0,2017,4.0,16.0,40807.87,Km2,451747.0,353000.0,0.0,0.0,42.0
Flood,Flash flood,-8.718,13.656,2017,3.0,21.0,2017,4.0,8.0,24002.58,Km2,2559.0,2000.0,30250.0,26500.0,11.0
Flood,Flood (General),45.575,-74.406,2017,5.0,5.0,2017,5.0,20.0,79149.2,Km2,255948.0,200000.0,16113.0,16113.0,2.0
Flood,Riverine flood,24.302,121.216,2017,5.0,31.0,2017,6.0,5.0,16445.9,Km2,35961.0,28100.0,4074.0,4000.0,5.0
Flood,Riverine flood,-31.888,-57.432,2017,5.0,29.0,2017,6.0,14.0,87427.72,Km2,0.0,0.0,6639.0,6639.0,0.0
Flood,Riverine flood,-8.096,-38.231,2017,5.0,26.0,2017,6.0,10.0,266010.35,Km2,127974.0,100000.0,104140.0,104140.0,14.0
Flood,Riverine flood,-2.879,37.88,2017,5.0,8.0,2017,5.0,16.0,55027.86,Km2,0.0,0.0,25000.0,25000.0,26.0
Flood,Riverine flood,3.815,-59.015,2017,5.0,20.0,2017,5.0,25.0,131888.36,Km2,0.0,0.0,3274.0,3274.0,0.0
Flood,Flood (General),-28.362,29.715,2017,5.0,14.0,2017,5.0,19.0,213686.92,Km2,0.0,0.0,200.0,200.0,3.0
Flood,Flash flood,-27.122,-69.952,2017,5.0,11.0,2017,5.0,15.0,157698.57,Km2,0.0,0.0,3000.0,3000.0,2.0
Flood,Riverine flood,51.254,70.047,2017,4.0,14.0,2017,4.0,21.0,397487.68,Km2,0.0,0.0,7000.0,7000.0,0.0
Flood,Flood (General),-45.953,-67.939,2017,4.0,5.0,2017,4.0,21.0,27377.03,Km2,0.0,0.0,9000.0,9000.0,1.0
Flood,Flood (General),-38.204,176.79,2017,4.0,5.0,2017,4.0,21.0,23530.76,Km2,90861.0,71000.0,2200.0,2200.0,0.0
Flood,Flood (General),3.723,-72.674,2017,2.0,23.0,2017,3.0,3.0,128596.78,Km2,0.0,0.0,2000.0,2000.0,1.0
Flood,Flood (General),3.932,102.461,2017,1.0,23.0,2017,2.0,7.0,78809.78,Km2,0.0,0.0,5481.0,5481.0,0.0
Flood,Flood (General),1.691,-76.286,2017,1.0,5.0,2017,2.0,7.0,117321.46,Km2,0.0,0.0,25661.0,25646.0,0.0
Flood,Flood (General),7.59,124.062,2017,2.0,1.0,2017,2.0,7.0,30389.11,Km2,0.0,0.0,334000.0,334000.0,13.0
Flood,Flood (General),15.581,-85.367,2017,1.0,7.0,2017,1.0,21.0,13364.22,Km2,0.0,0.0,400.0,400.0,7.0
Storm,Tropical cyclone,33.2,134.0,2017,8.0,5.0,2017,8.0,7.0,120.0,Kph,2559.0,2000.0,1389.0,1338.0,2.0
Flood,Flood (General),27.941,83.878,2017,8.0,10.0,2017,9.0,7.0,64676.5,Km2,761444.0,595000.0,1700134.0,1700000.0,176.0
Flood,Flood (General),14.617,4.402,2017,8.0,26.0,2017,9.0,15.0,184437.33,Km2,12797.0,10000.0,206513.0,206513.0,56.0
Flood,Flood (General),8.169,9.45,2017,8.0,15.0,2017,9.0,19.0,86946.56,Km2,0.0,0.0,10000.0,10000.0,0.0
Flood,Flood (General),7.223,17.145,2017,8.0,23.0,2017,8.0,31.0,70469.71,Km2,0.0,0.0,3500.0,3500.0,0.0
Flood,Flood (General),29.612,113.645,2017,9.0,24.0,2017,10.0,7.0,283444.21,Km2,461985.0,361000.0,61500.0,53100.0,16.0
Flood,Flood (General),14.594,100.679,2017,10.0,10.0,2017,11.0,8.0,101670.34,Km2,1792.0,1400.0,605000.0,605000.0,9.0
Flood,Flood (General),5.247,101.026,2017,11.0,3.0,2017,11.0,8.0,37944.0,Km2,0.0,0.0,3500.0,3500.0,7.0
Flood,Flood (General),22.707,39.365,2017,11.0,21.0,2017,11.0,22.0,181054.82,Km2,0.0,0.0,481.0,481.0,4.0
Flood,Flood (General),11.664,108.399,2017,11.0,19.0,2017,11.0,24.0,27646.32,Km2,0.0,0.0,41500.0,41500.0,8.0
Flood,Flood (General),8.604,80.637,2017,11.0,3.0,2017,11.0,13.0,22923.3,Km2,0.0,0.0,13197.0,13197.0,9.0
Flood,Flood (General),-7.229,109.117,2017,11.0,3.0,2017,11.0,17.0,27067.56,Km2,0.0,0.0,12000.0,12000.0,9.0
Flood,Flash flood,10.489,79.004,2017,10.0,30.0,2017,11.0,8.0,50536.26,Km2,0.0,0.0,4000.0,4000.0,21.0
Flood,Flash flood,10.566,123.171,2017,9.0,22.0,2017,9.0,24.0,10299.67,Km2,0.0,0.0,8000.0,8000.0,0.0
Flood,Riverine flood,23.917,-98.308,2017,9.0,26.0,2017,10.0,7.0,57674.59,Km2,0.0,0.0,800.0,800.0,2.0
Flood,Flash flood,44.885,15.215,2017,11.0,30.0,2017,12.0,4.0,10463.39,Km2,11390.0,8900.0,21002.0,21000.0,1.0
Flood,Flood (General),24.36,55.968,2017,12.0,16.0,2017,12.0,17.0,50430.4,Km2,0.0,0.0,200.0,200.0,3.0
Flood,Flood (General),-4.355,15.116,2018,1.0,3.0,2018,1.0,7.0,5597.13,Km2,0.0,0.0,15760.0,0.0,51.0
Flood,Flood (General),-22.479,-44.095,2018,2.0,14.0,2018,2.0,16.0,55138.95,Km2,12492.0,10000.0,250.0,250.0,4.0
Flood,Flash flood,-14.405,-64.013,2018,2.0,10.0,2018,2.0,21.0,245647.66,Km2,0.0,0.0,12186.0,12000.0,6.0
Flood,Flash flood,3.133,3.659,2018,2.0,3.0,2018,2.0,12.0,74295.74,Km2,0.0,0.0,4900.0,4900.0,0.0
Flood,Flood (General),-10.351,33.847,2018,2.0,1.0,2018,2.0,14.0,25660.35,Km2,0.0,0.0,300.0,300.0,1.0
Flood,Flash flood,-3.47,29.987,2018,1.0,14.0,2018,1.0,24.0,18675.08,Km2,0.0,0.0,12000.0,12000.0,0.0
Flood,Riverine flood,-25.312,-57.599,2018,1.0,13.0,2018,1.0,22.0,2924.11,Km2,0.0,0.0,5000.0,5000.0,0.0
Flood,Flood (General),3.659,102.337,2018,1.0,1.0,2018,1.0,5.0,117492.07,Km2,0.0,0.0,12000.0,12000.0,2.0
Flood,Riverine flood,40.866,19.941,2018,3.0,7.0,2018,3.0,14.0,10316.95,Km2,0.0,0.0,1340.0,1340.0,0.0
Flood,Flash flood,-11.247,16.007,2018,2.0,22.0,2018,3.0,3.0,462991.06,Km2,0.0,0.0,3000.0,3000.0,8.0
Flood,Flash flood,-14.926,34.367,2018,2.0,22.0,2018,3.0,7.0,60622.11,Km2,0.0,0.0,200.0,200.0,0.0
Flood,Flood (General),-24.206,-48.623,2018,3.0,20.0,2018,3.0,21.0,131278.34,Km2,53717.0,43000.0,1000.0,1000.0,3.0
Flood,Flood (General),52.883,84.596,2018,3.0,25.0,2018,4.0,16.0,172029.58,Km2,0.0,0.0,3672.0,3672.0,2.0
Flood,Flood (General),-17.015,145.218,2018,3.0,9.0,2018,3.0,11.0,105583.27,Km2,14241.0,11400.0,600.0,600.0,0.0
Flood,Flood (General),-11.158,34.02,2018,4.0,14.0,2018,4.0,18.0,37319.62,Km2,0.0,0.0,15873.0,15862.0,15.0
Flood,Flash flood,31.164,34.861,2018,4.0,24.0,2018,4.0,27.0,17900.1,Km2,0.0,0.0,0.0,0.0,12.0
Flood,Flood (General),-1.784,30.012,2018,4.0,23.0,2018,4.0,24.0,14768.05,Km2,13741.0,11000.0,360.0,360.0,24.0
Flood,Flood (General),34.94,68.216,2018,5.0,9.0,2018,5.0,22.0,184396.9,Km2,0.0,0.0,4000.0,4000.0,72.0
Flood,Flash flood,15.88,-90.217,2018,5.0,18.0,2018,5.0,22.0,67481.61,Km2,0.0,0.0,76845.0,76845.0,2.0
Flood,Flood (General),23.226,92.13,2018,5.0,20.0,2018,5.0,22.0,3882.39,Km2,0.0,0.0,14000.0,14000.0,21.0
Flood,Flood (General),23.812,108.795,2018,5.0,7.0,2018,5.0,16.0,109610.1,Km2,0.0,0.0,70000.0,70000.0,5.0
Flood,Flood (General),50.358,-119.241,2018,5.0,10.0,2018,5.0,14.0,78669.36,Km2,0.0,0.0,4000.0,4000.0,0.0
Storm,Storm (General),-35.21,-58.199,2018,4.0,28.0,2018,4.0,29.0,130.0,Kph,0.0,0.0,1200.0,1200.0,2.0
Flood,Flash flood,33.907,3.215,2018,4.0,24.0,2018,4.0,28.0,132888.7,Km2,0.0,0.0,200.0,200.0,6.0
Flood,Flood (General),-4.015,29.641,2018,4.0,28.0,2018,5.0,1.0,8958.54,Km2,0.0,0.0,23000.0,23000.0,0.0
Flood,Flood (General),-11.158,34.02,2018,4.0,11.0,2018,4.0,17.0,37319.62,Km2,0.0,0.0,9113.0,9113.0,4.0
Flood,Flood (General),-8.497,118.569,2018,3.0,5.0,2018,3.0,6.0,3938.29,Km2,0.0,0.0,3000.0,3000.0,0.0
Flood,Flood (General),47.381,81.478,2018,3.0,9.0,2018,3.0,14.0,331425.24,Km2,0.0,0.0,400.0,400.0,0.0
Flood,Flood (General),35.65,137.895,2018,6.0,29.0,2018,7.0,8.0,109672.31,Km2,11867643.0,9500000.0,1500102.0,1500000.0,246.0
Flood,Flood (General),19.018,-69.704,2018,7.0,9.0,2018,7.0,11.0,21589.73,Km2,0.0,0.0,7390.0,7390.0,0.0
Flood,Flash flood,28.238,84.398,2018,7.0,1.0,2018,7.0,11.0,85852.14,Km2,0.0,0.0,1406.0,1400.0,15.0
Flood,Flood (General),10.763,27.364,2018,6.0,18.0,2018,6.0,27.0,210194.29,Km2,0.0,0.0,2750.0,350.0,0.0
Flood,Flood (General),18.191,95.434,2018,7.0,15.0,2018,8.0,10.0,46815.06,Km2,0.0,0.0,109650.0,109650.0,16.0
Flood,Flood (General),38.531,126.573,2018,8.0,24.0,2018,9.0,6.0,25734.39,Km2,31231.0,25000.0,581268.0,581268.0,148.0
Flood,Flood (General),10.475,8.238,2018,9.0,20.0,2018,10.0,2.0,257477.37,Km2,343537.0,275000.0,1922332.0,1921026.0,199.0
Flood,Flood (General),9.538,-1.066,2018,8.0,31.0,2018,10.0,2.0,83997.78,Km2,0.0,0.0,100000.0,100000.0,34.0
Flood,Flash flood,35.606,52.429,2018,10.0,5.0,2018,10.0,6.0,340197.41,Km2,207371.0,166000.0,7135.0,6990.0,9.0
Flood,Flood (General),6.806,80.637,2018,10.0,6.0,2018,10.0,12.0,29246.23,Km2,0.0,0.0,75000.0,75000.0,12.0
Flood,Flash flood,10.426,-66.55,2018,9.0,25.0,2018,9.0,28.0,3147.09,Km2,0.0,0.0,1000.0,1000.0,2.0
Flood,Flash flood,13.487,31.942,2018,8.0,1.0,2018,9.0,4.0,629241.72,Km2,0.0,0.0,70060.0,70000.0,23.0
